/*--------------------------------*- C++ -*----------------------------------*\
| =========                 |                                                 |
| \\      /  F ield         | OpenFOAM: The Open Source CFD Toolbox           |
|  \\    /   O peration     | Version:  v2012                                 |
|   \\  /    A nd           | Website:  www.openfoam.com                      |
|    \\/     M anipulation  |                                                 |
\*---------------------------------------------------------------------------*/
FoamFile
{
    version     2.0;
    format      ascii;
    class       faceList;
    location    "constant/polyMesh";
    object      faces;
}
// * * * * * * * * * * * * * * * * * * * * * * * * * * * * * * * * * * * * * //


5289
(
4(1 5 21 17)
4(4 20 21 5)
4(16 17 21 20)
4(2 6 22 18)
4(5 21 22 6)
4(17 18 22 21)
4(8 24 25 9)
4(5 9 25 21)
4(20 21 25 24)
4(17 21 37 33)
4(20 36 37 21)
4(32 33 37 36)
4(6 22 23 7)
4(18 19 23 22)
4(9 13 29 25)
4(24 25 29 28)
4(9 25 26 10)
4(6 10 26 22)
4(21 22 26 25)
4(18 22 38 34)
4(21 37 38 22)
4(33 34 38 37)
4(10 14 30 26)
4(25 26 30 29)
4(24 40 41 25)
4(21 25 41 37)
4(36 37 41 40)
4(10 26 27 11)
4(22 23 27 26)
4(33 37 53 49)
4(36 52 53 37)
4(48 49 53 52)
4(22 38 39 23)
4(34 35 39 38)
4(25 29 45 41)
4(40 41 45 44)
4(26 27 31 30)
4(25 41 42 26)
4(22 26 42 38)
4(37 38 42 41)
4(34 38 54 50)
4(37 53 54 38)
4(49 50 54 53)
4(26 30 46 42)
4(41 42 46 45)
4(40 56 57 41)
4(37 41 57 53)
4(52 53 57 56)
4(26 42 43 27)
4(38 39 43 42)
4(49 53 69 65)
4(52 68 69 53)
4(64 65 69 68)
4(38 54 55 39)
4(50 51 55 54)
4(41 45 61 57)
4(56 57 61 60)
4(42 43 47 46)
4(41 57 58 42)
4(38 42 58 54)
4(53 54 58 57)
4(50 54 70 66)
4(53 69 70 54)
4(65 66 70 69)
4(42 46 62 58)
4(57 58 62 61)
4(56 72 73 57)
4(53 57 73 69)
4(68 69 73 72)
4(42 58 59 43)
4(54 55 59 58)
4(65 69 85 81)
4(68 84 85 69)
4(80 81 85 84)
4(54 70 71 55)
4(66 67 71 70)
4(57 61 77 73)
4(72 73 77 76)
4(58 59 63 62)
4(57 73 74 58)
4(54 58 74 70)
4(69 70 74 73)
4(66 70 86 82)
4(69 85 86 70)
4(81 82 86 85)
4(58 62 78 74)
4(73 74 78 77)
4(72 88 89 73)
4(69 73 89 85)
4(84 85 89 88)
4(58 74 75 59)
4(70 71 75 74)
4(81 85 101 97)
4(84 100 101 85)
4(96 97 101 100)
4(70 86 87 71)
4(82 83 87 86)
4(73 77 93 89)
4(88 89 93 92)
4(74 75 79 78)
4(73 89 90 74)
4(70 74 90 86)
4(85 86 90 89)
4(82 86 102 98)
4(85 101 102 86)
4(97 98 102 101)
4(74 78 94 90)
4(89 90 94 93)
4(88 104 105 89)
4(85 89 105 101)
4(100 101 105 104)
4(74 90 91 75)
4(86 87 91 90)
4(97 101 117 113)
4(100 116 117 101)
4(112 113 117 116)
4(86 102 103 87)
4(98 99 103 102)
4(89 93 109 105)
4(104 105 109 108)
4(90 91 95 94)
4(89 105 106 90)
4(86 90 106 102)
4(101 102 106 105)
4(98 102 118 114)
4(101 117 118 102)
4(113 114 118 117)
4(90 94 110 106)
4(105 106 110 109)
4(104 120 121 105)
4(101 105 121 117)
4(116 117 121 120)
4(90 106 107 91)
4(102 103 107 106)
4(113 117 133 129)
4(116 132 133 117)
4(128 129 133 132)
4(102 118 119 103)
4(114 115 119 118)
4(105 109 125 121)
4(120 121 125 124)
4(106 107 111 110)
4(105 121 122 106)
4(102 106 122 118)
4(117 118 122 121)
4(114 118 134 130)
4(117 133 134 118)
4(129 130 134 133)
4(106 110 126 122)
4(121 122 126 125)
4(120 136 137 121)
4(117 121 137 133)
4(132 133 137 136)
4(106 122 123 107)
4(118 119 123 122)
4(129 133 149 145)
4(132 148 149 133)
4(144 145 149 148)
4(118 134 135 119)
4(130 131 135 134)
4(121 125 141 137)
4(136 137 141 140)
4(122 123 127 126)
4(121 137 138 122)
4(118 122 138 134)
4(133 134 138 137)
4(130 134 150 146)
4(133 149 150 134)
4(145 146 150 149)
4(122 126 142 138)
4(137 138 142 141)
4(136 152 153 137)
4(133 137 153 149)
4(148 149 153 152)
4(122 138 139 123)
4(134 135 139 138)
4(145 149 165 161)
4(148 164 165 149)
4(160 161 165 164)
4(134 150 151 135)
4(146 147 151 150)
4(137 141 157 153)
4(152 153 157 156)
4(138 139 143 142)
4(137 153 154 138)
4(134 138 154 150)
4(149 150 154 153)
4(146 150 166 162)
4(149 165 166 150)
4(161 162 166 165)
4(138 142 158 154)
4(153 154 158 157)
4(152 168 169 153)
4(149 153 169 165)
4(164 165 169 168)
4(138 154 155 139)
4(150 151 155 154)
4(161 165 181 177)
4(164 180 181 165)
4(176 177 181 180)
4(150 166 167 151)
4(162 163 167 166)
4(153 157 173 169)
4(168 169 173 172)
4(154 155 159 158)
4(153 169 170 154)
4(150 154 170 166)
4(165 166 170 169)
4(162 166 182 178)
4(165 181 182 166)
4(177 178 182 181)
4(154 158 174 170)
4(169 170 174 173)
4(168 184 185 169)
4(165 169 185 181)
4(180 181 185 184)
4(154 170 171 155)
4(166 167 171 170)
4(177 181 197 193)
4(180 196 197 181)
4(192 193 197 196)
4(166 182 183 167)
4(178 179 183 182)
4(169 173 189 185)
4(184 185 189 188)
4(170 171 175 174)
4(169 185 186 170)
4(166 170 186 182)
4(181 182 186 185)
4(178 182 198 194)
4(181 197 198 182)
4(193 194 198 197)
4(170 174 190 186)
4(185 186 190 189)
4(184 200 201 185)
4(181 185 201 197)
4(196 197 201 200)
4(170 186 187 171)
4(182 183 187 186)
4(193 197 213 209)
4(196 212 213 197)
4(208 209 213 212)
4(182 198 199 183)
4(194 195 199 198)
4(185 189 205 201)
4(200 201 205 204)
4(186 187 191 190)
4(185 201 202 186)
4(182 186 202 198)
4(197 198 202 201)
4(194 198 214 210)
4(197 213 214 198)
4(209 210 214 213)
4(186 190 206 202)
4(201 202 206 205)
4(200 216 217 201)
4(197 201 217 213)
4(212 213 217 216)
4(186 202 203 187)
4(198 199 203 202)
4(209 213 229 225)
4(212 228 229 213)
4(224 225 229 228)
4(198 214 215 199)
4(210 211 215 214)
4(201 205 221 217)
4(216 217 221 220)
4(202 203 207 206)
4(201 217 218 202)
4(198 202 218 214)
4(213 214 218 217)
4(210 214 230 226)
4(213 229 230 214)
4(225 226 230 229)
4(202 206 222 218)
4(217 218 222 221)
4(216 232 233 217)
4(213 217 233 229)
4(228 229 233 232)
4(202 218 219 203)
4(214 215 219 218)
4(225 229 245 241)
4(228 244 245 229)
4(240 241 245 244)
4(214 230 231 215)
4(226 227 231 230)
4(217 221 237 233)
4(232 233 237 236)
4(218 219 223 222)
4(217 233 234 218)
4(214 218 234 230)
4(229 230 234 233)
4(226 230 246 242)
4(229 245 246 230)
4(241 242 246 245)
4(218 222 238 234)
4(233 234 238 237)
4(232 248 249 233)
4(229 233 249 245)
4(244 245 249 248)
4(218 234 235 219)
4(230 231 235 234)
4(241 245 261 257)
4(244 260 261 245)
4(256 257 261 260)
4(230 246 247 231)
4(242 243 247 246)
4(233 237 253 249)
4(248 249 253 252)
4(234 235 239 238)
4(233 249 250 234)
4(230 234 250 246)
4(245 246 250 249)
4(242 246 262 258)
4(245 261 262 246)
4(257 258 262 261)
4(234 238 254 250)
4(249 250 254 253)
4(248 264 265 249)
4(245 249 265 261)
4(260 261 265 264)
4(234 250 251 235)
4(246 247 251 250)
4(257 261 277 273)
4(260 276 277 261)
4(272 273 277 276)
4(246 262 263 247)
4(258 259 263 262)
4(249 253 269 265)
4(264 265 269 268)
4(250 251 255 254)
4(249 265 266 250)
4(246 250 266 262)
4(261 262 266 265)
4(258 262 278 274)
4(261 277 278 262)
4(273 274 278 277)
4(250 254 270 266)
4(265 266 270 269)
4(264 280 281 265)
4(261 265 281 277)
4(276 277 281 280)
4(250 266 267 251)
4(262 263 267 266)
4(273 277 293 289)
4(276 292 293 277)
4(288 289 293 292)
4(262 278 279 263)
4(274 275 279 278)
4(265 269 285 281)
4(280 281 285 284)
4(266 267 271 270)
4(265 281 282 266)
4(262 266 282 278)
4(277 278 282 281)
4(274 278 294 290)
4(277 293 294 278)
4(289 290 294 293)
4(266 270 286 282)
4(281 282 286 285)
4(280 296 297 281)
4(277 281 297 293)
4(292 293 297 296)
4(266 282 283 267)
4(278 279 283 282)
4(289 293 309 305)
4(292 308 309 293)
4(304 305 309 308)
4(278 294 295 279)
4(290 291 295 294)
4(281 285 301 297)
4(296 297 301 300)
4(282 283 287 286)
4(281 297 298 282)
4(278 282 298 294)
4(293 294 298 297)
4(290 294 310 306)
4(293 309 310 294)
4(305 306 310 309)
4(282 286 302 298)
4(297 298 302 301)
4(296 312 313 297)
4(293 297 313 309)
4(308 309 313 312)
4(282 298 299 283)
4(294 295 299 298)
4(305 309 325 321)
4(308 324 325 309)
4(320 321 325 324)
4(294 310 311 295)
4(306 307 311 310)
4(297 301 317 313)
4(312 313 317 316)
4(298 299 303 302)
4(297 313 314 298)
4(294 298 314 310)
4(309 310 314 313)
4(306 310 326 322)
4(309 325 326 310)
4(321 322 326 325)
4(298 302 318 314)
4(313 314 318 317)
4(312 328 329 313)
4(309 313 329 325)
4(324 325 329 328)
4(298 314 315 299)
4(310 311 315 314)
4(321 325 341 337)
4(324 340 341 325)
4(336 337 341 340)
4(310 326 327 311)
4(322 323 327 326)
4(313 317 333 329)
4(328 329 333 332)
4(314 315 319 318)
4(313 329 330 314)
4(310 314 330 326)
4(325 326 330 329)
4(322 326 342 338)
4(325 341 342 326)
4(337 338 342 341)
4(314 318 334 330)
4(329 330 334 333)
4(328 344 345 329)
4(325 329 345 341)
4(340 341 345 344)
4(314 330 331 315)
4(326 327 331 330)
4(337 341 357 353)
4(340 356 357 341)
4(352 353 357 356)
4(326 342 343 327)
4(338 339 343 342)
4(329 333 349 345)
4(344 345 349 348)
4(330 331 335 334)
4(329 345 346 330)
4(326 330 346 342)
4(341 342 346 345)
4(338 342 358 354)
4(341 357 358 342)
4(353 354 358 357)
4(330 334 350 346)
4(345 346 350 349)
4(344 360 361 345)
4(341 345 361 357)
4(356 357 361 360)
4(330 346 347 331)
4(342 343 347 346)
4(353 357 373 369)
4(356 372 373 357)
4(368 369 373 372)
4(342 358 359 343)
4(354 355 359 358)
4(345 349 365 361)
4(360 361 365 364)
4(346 347 351 350)
4(345 361 362 346)
4(342 346 362 358)
4(357 358 362 361)
4(354 358 374 370)
4(357 373 374 358)
4(369 370 374 373)
4(346 350 366 362)
4(361 362 366 365)
4(360 376 377 361)
4(357 361 377 373)
4(372 373 377 376)
4(346 362 363 347)
4(358 359 363 362)
4(369 373 389 385)
4(372 388 389 373)
4(384 385 389 388)
4(358 374 375 359)
4(370 371 375 374)
4(361 365 381 377)
4(376 377 381 380)
4(362 363 367 366)
4(361 377 378 362)
4(358 362 378 374)
4(373 374 378 377)
4(370 374 390 386)
4(373 389 390 374)
4(385 386 390 389)
4(362 366 382 378)
4(377 378 382 381)
4(376 392 393 377)
4(373 377 393 389)
4(388 389 393 392)
4(362 378 379 363)
4(374 375 379 378)
4(385 389 405 401)
4(388 404 405 389)
4(400 401 405 404)
4(374 390 391 375)
4(386 387 391 390)
4(377 381 397 393)
4(392 393 397 396)
4(378 379 383 382)
4(377 393 394 378)
4(374 378 394 390)
4(389 390 394 393)
4(386 390 406 402)
4(389 405 406 390)
4(401 402 406 405)
4(378 382 398 394)
4(393 394 398 397)
4(392 408 409 393)
4(389 393 409 405)
4(404 405 409 408)
4(378 394 395 379)
4(390 391 395 394)
4(401 405 421 417)
4(404 420 421 405)
4(416 417 421 420)
4(390 406 407 391)
4(402 403 407 406)
4(393 397 413 409)
4(408 409 413 412)
4(394 395 399 398)
4(393 409 410 394)
4(390 394 410 406)
4(405 406 410 409)
4(402 406 422 418)
4(405 421 422 406)
4(417 418 422 421)
4(394 398 414 410)
4(409 410 414 413)
4(408 424 425 409)
4(405 409 425 421)
4(420 421 425 424)
4(394 410 411 395)
4(406 407 411 410)
4(417 421 437 433)
4(420 436 437 421)
4(432 433 437 436)
4(406 422 423 407)
4(418 419 423 422)
4(409 413 429 425)
4(424 425 429 428)
4(410 411 415 414)
4(409 425 426 410)
4(406 410 426 422)
4(421 422 426 425)
4(418 422 438 434)
4(421 437 438 422)
4(433 434 438 437)
4(410 414 430 426)
4(425 426 430 429)
4(424 440 441 425)
4(421 425 441 437)
4(436 437 441 440)
4(410 426 427 411)
4(422 423 427 426)
4(433 437 453 449)
4(436 452 453 437)
4(448 449 453 452)
4(422 438 439 423)
4(434 435 439 438)
4(425 429 445 441)
4(440 441 445 444)
4(426 427 431 430)
4(425 441 442 426)
4(422 426 442 438)
4(437 438 442 441)
4(434 438 454 450)
4(437 453 454 438)
4(449 450 454 453)
4(426 430 446 442)
4(441 442 446 445)
4(440 456 457 441)
4(437 441 457 453)
4(452 453 457 456)
4(426 442 443 427)
4(438 439 443 442)
4(449 453 469 465)
4(452 468 469 453)
4(464 465 469 468)
4(438 454 455 439)
4(450 451 455 454)
4(441 445 461 457)
4(456 457 461 460)
4(442 443 447 446)
4(441 457 458 442)
4(438 442 458 454)
4(453 454 458 457)
4(450 454 470 466)
4(453 469 470 454)
4(465 466 470 469)
4(442 446 462 458)
4(457 458 462 461)
4(456 472 473 457)
4(453 457 473 469)
4(468 469 473 472)
4(442 458 459 443)
4(454 455 459 458)
4(465 469 485 481)
4(468 484 485 469)
4(480 481 485 484)
4(454 470 471 455)
4(466 467 471 470)
4(457 461 477 473)
4(472 473 477 476)
4(458 459 463 462)
4(457 473 474 458)
4(454 458 474 470)
4(469 470 474 473)
4(466 470 486 482)
4(469 485 486 470)
4(481 482 486 485)
4(458 462 478 474)
4(473 474 478 477)
4(472 488 489 473)
4(469 473 489 485)
4(484 485 489 488)
4(458 474 475 459)
4(470 471 475 474)
4(481 485 501 497)
4(484 500 501 485)
4(496 497 501 500)
4(470 486 487 471)
4(482 483 487 486)
4(473 477 493 489)
4(488 489 493 492)
4(474 475 479 478)
4(473 489 490 474)
4(470 474 490 486)
4(485 486 490 489)
4(482 486 502 498)
4(485 501 502 486)
4(497 498 502 501)
4(474 478 494 490)
4(489 490 494 493)
4(488 504 505 489)
4(485 489 505 501)
4(500 501 505 504)
4(474 490 491 475)
4(486 487 491 490)
4(497 501 517 513)
4(500 516 517 501)
4(512 513 517 516)
4(486 502 503 487)
4(498 499 503 502)
4(489 493 509 505)
4(504 505 509 508)
4(490 491 495 494)
4(489 505 506 490)
4(486 490 506 502)
4(501 502 506 505)
4(498 502 518 514)
4(501 517 518 502)
4(513 514 518 517)
4(490 494 510 506)
4(505 506 510 509)
4(504 520 521 505)
4(501 505 521 517)
4(516 517 521 520)
4(490 506 507 491)
4(502 503 507 506)
4(513 517 533 529)
4(516 532 533 517)
4(528 529 533 532)
4(502 518 519 503)
4(514 515 519 518)
4(505 509 525 521)
4(520 521 525 524)
4(506 507 511 510)
4(505 521 522 506)
4(502 506 522 518)
4(517 518 522 521)
4(514 518 534 530)
4(517 533 534 518)
4(529 530 534 533)
4(506 510 526 522)
4(521 522 526 525)
4(520 536 537 521)
4(517 521 537 533)
4(532 533 537 536)
4(506 522 523 507)
4(518 519 523 522)
4(529 533 549 545)
4(532 548 549 533)
4(544 545 549 548)
4(518 534 535 519)
4(530 531 535 534)
4(521 525 541 537)
4(536 537 541 540)
4(522 523 527 526)
4(521 537 538 522)
4(518 522 538 534)
4(533 534 538 537)
4(530 534 550 546)
4(533 549 550 534)
4(545 546 550 549)
4(522 526 542 538)
4(537 538 542 541)
4(536 552 553 537)
4(533 537 553 549)
4(548 549 553 552)
4(522 538 539 523)
4(534 535 539 538)
4(545 549 565 561)
4(548 564 565 549)
4(560 561 565 564)
4(534 550 551 535)
4(546 547 551 550)
4(537 541 557 553)
4(552 553 557 556)
4(538 539 543 542)
4(537 553 554 538)
4(534 538 554 550)
4(549 550 554 553)
4(546 550 566 562)
4(549 565 566 550)
4(561 562 566 565)
4(538 542 558 554)
4(553 554 558 557)
4(552 568 569 553)
4(549 553 569 565)
4(564 565 569 568)
4(538 554 555 539)
4(550 551 555 554)
4(561 565 581 577)
4(564 580 581 565)
4(576 577 581 580)
4(550 566 567 551)
4(562 563 567 566)
4(553 557 573 569)
4(568 569 573 572)
4(554 555 559 558)
4(553 569 570 554)
4(550 554 570 566)
4(565 566 570 569)
4(562 566 582 578)
4(565 581 582 566)
4(577 578 582 581)
4(554 558 574 570)
4(569 570 574 573)
4(568 584 585 569)
4(565 569 585 581)
4(580 581 585 584)
4(554 570 571 555)
4(566 567 571 570)
4(577 581 597 593)
4(580 596 597 581)
4(592 593 597 596)
4(566 582 583 567)
4(578 579 583 582)
4(569 573 589 585)
4(584 585 589 588)
4(570 571 575 574)
4(569 585 586 570)
4(566 570 586 582)
4(581 582 586 585)
4(578 582 598 594)
4(581 597 598 582)
4(593 594 598 597)
4(570 574 590 586)
4(585 586 590 589)
4(584 600 601 585)
4(581 585 601 597)
4(596 597 601 600)
4(570 586 587 571)
4(582 583 587 586)
4(593 597 613 609)
4(596 612 613 597)
4(608 609 613 612)
4(582 598 599 583)
4(594 595 599 598)
4(585 589 605 601)
4(600 601 605 604)
4(586 587 591 590)
4(585 601 602 586)
4(582 586 602 598)
4(597 598 602 601)
4(594 598 614 610)
4(597 613 614 598)
4(609 610 614 613)
4(586 590 606 602)
4(601 602 606 605)
4(600 616 617 601)
4(597 601 617 613)
4(612 613 617 616)
4(586 602 603 587)
4(598 599 603 602)
4(609 613 629 625)
4(612 628 629 613)
4(624 625 629 628)
4(598 614 615 599)
4(610 611 615 614)
4(601 605 621 617)
4(616 617 621 620)
4(602 603 607 606)
4(601 617 618 602)
4(598 602 618 614)
4(613 614 618 617)
4(610 614 630 626)
4(613 629 630 614)
4(625 626 630 629)
4(602 606 622 618)
4(617 618 622 621)
4(616 632 633 617)
4(613 617 633 629)
4(628 629 633 632)
4(602 618 619 603)
4(614 615 619 618)
4(625 629 645 641)
4(628 644 645 629)
4(640 641 645 644)
4(614 630 631 615)
4(626 627 631 630)
4(617 621 637 633)
4(632 633 637 636)
4(618 619 623 622)
4(617 633 634 618)
4(614 618 634 630)
4(629 630 634 633)
4(626 630 646 642)
4(629 645 646 630)
4(641 642 646 645)
4(618 622 638 634)
4(633 634 638 637)
4(632 648 649 633)
4(629 633 649 645)
4(644 645 649 648)
4(618 634 635 619)
4(630 631 635 634)
4(641 645 661 657)
4(644 660 661 645)
4(656 657 661 660)
4(630 646 647 631)
4(642 643 647 646)
4(633 637 653 649)
4(648 649 653 652)
4(634 635 639 638)
4(633 649 650 634)
4(630 634 650 646)
4(645 646 650 649)
4(642 646 662 658)
4(645 661 662 646)
4(657 658 662 661)
4(634 638 654 650)
4(649 650 654 653)
4(648 664 665 649)
4(645 649 665 661)
4(660 661 665 664)
4(634 650 651 635)
4(646 647 651 650)
4(657 661 677 673)
4(660 676 677 661)
4(672 673 677 676)
4(646 662 663 647)
4(658 659 663 662)
4(649 653 669 665)
4(664 665 669 668)
4(650 651 655 654)
4(649 665 666 650)
4(646 650 666 662)
4(661 662 666 665)
4(658 662 678 674)
4(661 677 678 662)
4(673 674 678 677)
4(650 654 670 666)
4(665 666 670 669)
4(664 680 681 665)
4(661 665 681 677)
4(676 677 681 680)
4(650 666 667 651)
4(662 663 667 666)
4(673 677 693 689)
4(676 692 693 677)
4(688 689 693 692)
4(662 678 679 663)
4(674 675 679 678)
4(665 669 685 681)
4(680 681 685 684)
4(666 667 671 670)
4(665 681 682 666)
4(662 666 682 678)
4(677 678 682 681)
4(674 678 694 690)
4(677 693 694 678)
4(689 690 694 693)
4(666 670 686 682)
4(681 682 686 685)
4(680 696 697 681)
4(677 681 697 693)
4(692 693 697 696)
4(666 682 683 667)
4(678 679 683 682)
4(689 693 709 705)
4(692 708 709 693)
4(704 705 709 708)
4(678 694 695 679)
4(690 691 695 694)
4(681 685 701 697)
4(696 697 701 700)
4(682 683 687 686)
4(681 697 698 682)
4(678 682 698 694)
4(693 694 698 697)
4(690 694 710 706)
4(693 709 710 694)
4(705 706 710 709)
4(682 686 702 698)
4(697 698 702 701)
4(696 712 713 697)
4(693 697 713 709)
4(708 709 713 712)
4(682 698 699 683)
4(694 695 699 698)
4(705 709 725 721)
4(708 724 725 709)
4(720 721 725 724)
4(694 710 711 695)
4(706 707 711 710)
4(697 701 717 713)
4(712 713 717 716)
4(698 699 703 702)
4(697 713 714 698)
4(694 698 714 710)
4(709 710 714 713)
4(706 710 726 722)
4(709 725 726 710)
4(721 722 726 725)
4(698 702 718 714)
4(713 714 718 717)
4(712 728 729 713)
4(709 713 729 725)
4(724 725 729 728)
4(698 714 715 699)
4(710 711 715 714)
4(721 725 741 737)
4(724 740 741 725)
4(736 737 741 740)
4(710 726 727 711)
4(722 723 727 726)
4(713 717 733 729)
4(728 729 733 732)
4(714 715 719 718)
4(713 729 730 714)
4(710 714 730 726)
4(725 726 730 729)
4(722 726 742 738)
4(725 741 742 726)
4(737 738 742 741)
4(714 718 734 730)
4(729 730 734 733)
4(728 744 745 729)
4(725 729 745 741)
4(740 741 745 744)
4(714 730 731 715)
4(726 727 731 730)
4(737 741 757 753)
4(740 756 757 741)
4(752 753 757 756)
4(726 742 743 727)
4(738 739 743 742)
4(729 733 749 745)
4(744 745 749 748)
4(730 731 735 734)
4(729 745 746 730)
4(726 730 746 742)
4(741 742 746 745)
4(738 742 758 754)
4(741 757 758 742)
4(753 754 758 757)
4(730 734 750 746)
4(745 746 750 749)
4(744 760 761 745)
4(741 745 761 757)
4(756 757 761 760)
4(730 746 747 731)
4(742 743 747 746)
4(753 757 773 769)
4(756 772 773 757)
4(768 769 773 772)
4(742 758 759 743)
4(754 755 759 758)
4(745 749 765 761)
4(760 761 765 764)
4(746 747 751 750)
4(745 761 762 746)
4(742 746 762 758)
4(757 758 762 761)
4(754 758 774 770)
4(757 773 774 758)
4(769 770 774 773)
4(746 750 766 762)
4(761 762 766 765)
4(760 776 777 761)
4(757 761 777 773)
4(772 773 777 776)
4(746 762 763 747)
4(758 759 763 762)
4(769 773 789 785)
4(772 788 789 773)
4(784 785 789 788)
4(758 774 775 759)
4(770 771 775 774)
4(761 765 781 777)
4(776 777 781 780)
4(762 763 767 766)
4(761 777 778 762)
4(758 762 778 774)
4(773 774 778 777)
4(770 774 790 786)
4(773 789 790 774)
4(785 786 790 789)
4(762 766 782 778)
4(777 778 782 781)
4(776 792 793 777)
4(773 777 793 789)
4(788 789 793 792)
4(762 778 779 763)
4(774 775 779 778)
4(785 789 805 801)
4(788 804 805 789)
4(800 801 805 804)
4(774 790 791 775)
4(786 787 791 790)
4(777 781 797 793)
4(792 793 797 796)
4(778 779 783 782)
4(777 793 794 778)
4(774 778 794 790)
4(789 790 794 793)
4(786 790 806 802)
4(789 805 806 790)
4(801 802 806 805)
4(778 782 798 794)
4(793 794 798 797)
4(792 808 809 793)
4(789 793 809 805)
4(804 805 809 808)
4(778 794 795 779)
4(790 791 795 794)
4(801 805 821 817)
4(804 820 821 805)
4(816 817 821 820)
4(790 806 807 791)
4(802 803 807 806)
4(793 797 813 809)
4(808 809 813 812)
4(794 795 799 798)
4(793 809 810 794)
4(790 794 810 806)
4(805 806 810 809)
4(802 806 822 818)
4(805 821 822 806)
4(817 818 822 821)
4(794 798 814 810)
4(809 810 814 813)
4(808 824 825 809)
4(805 809 825 821)
4(820 821 825 824)
4(794 810 811 795)
4(806 807 811 810)
4(817 821 837 833)
4(820 836 837 821)
4(832 833 837 836)
4(806 822 823 807)
4(818 819 823 822)
4(809 813 829 825)
4(824 825 829 828)
4(810 811 815 814)
4(809 825 826 810)
4(806 810 826 822)
4(821 822 826 825)
4(818 822 838 834)
4(821 837 838 822)
4(833 834 838 837)
4(810 814 830 826)
4(825 826 830 829)
4(824 840 841 825)
4(821 825 841 837)
4(836 837 841 840)
4(810 826 827 811)
4(822 823 827 826)
4(833 837 853 849)
4(836 852 853 837)
4(848 849 853 852)
4(822 838 839 823)
4(834 835 839 838)
4(825 829 845 841)
4(840 841 845 844)
4(826 827 831 830)
4(825 841 842 826)
4(822 826 842 838)
4(837 838 842 841)
4(834 838 854 850)
4(837 853 854 838)
4(849 850 854 853)
4(826 830 846 842)
4(841 842 846 845)
4(840 856 857 841)
4(837 841 857 853)
4(852 853 857 856)
4(826 842 843 827)
4(838 839 843 842)
4(849 853 869 865)
4(852 868 869 853)
4(864 865 869 868)
4(838 854 855 839)
4(850 851 855 854)
4(841 845 861 857)
4(856 857 861 860)
4(842 843 847 846)
4(841 857 858 842)
4(838 842 858 854)
4(853 854 858 857)
4(850 854 870 866)
4(853 869 870 854)
4(865 866 870 869)
4(842 846 862 858)
4(857 858 862 861)
4(856 872 873 857)
4(853 857 873 869)
4(868 869 873 872)
4(842 858 859 843)
4(854 855 859 858)
4(865 869 885 881)
4(868 884 885 869)
4(880 881 885 884)
4(854 870 871 855)
4(866 867 871 870)
4(857 861 877 873)
4(872 873 877 876)
4(858 859 863 862)
4(857 873 874 858)
4(854 858 874 870)
4(869 870 874 873)
4(866 870 886 882)
4(869 885 886 870)
4(881 882 886 885)
4(858 862 878 874)
4(873 874 878 877)
4(872 888 889 873)
4(869 873 889 885)
4(884 885 889 888)
4(858 874 875 859)
4(870 871 875 874)
4(881 885 901 897)
4(884 900 901 885)
4(896 897 901 900)
4(870 886 887 871)
4(882 883 887 886)
4(873 877 893 889)
4(888 889 893 892)
4(874 875 879 878)
4(873 889 890 874)
4(870 874 890 886)
4(885 886 890 889)
4(882 886 902 898)
4(885 901 902 886)
4(897 898 902 901)
4(874 878 894 890)
4(889 890 894 893)
4(888 904 905 889)
4(885 889 905 901)
4(900 901 905 904)
4(874 890 891 875)
4(886 887 891 890)
4(897 901 917 913)
4(900 916 917 901)
4(912 913 917 916)
4(886 902 903 887)
4(898 899 903 902)
4(889 893 909 905)
4(904 905 909 908)
4(890 891 895 894)
4(889 905 906 890)
4(886 890 906 902)
4(901 902 906 905)
4(898 902 918 914)
4(901 917 918 902)
4(913 914 918 917)
4(890 894 910 906)
4(905 906 910 909)
4(904 920 921 905)
4(901 905 921 917)
4(916 917 921 920)
4(890 906 907 891)
4(902 903 907 906)
4(913 917 933 929)
4(916 932 933 917)
4(928 929 933 932)
4(902 918 919 903)
4(914 915 919 918)
4(905 909 925 921)
4(920 921 925 924)
4(906 907 911 910)
4(905 921 922 906)
4(902 906 922 918)
4(917 918 922 921)
4(914 918 934 930)
4(917 933 934 918)
4(929 930 934 933)
4(906 910 926 922)
4(921 922 926 925)
4(920 936 937 921)
4(917 921 937 933)
4(932 933 937 936)
4(906 922 923 907)
4(918 919 923 922)
4(929 933 949 945)
4(932 948 949 933)
4(944 945 949 948)
4(918 934 935 919)
4(930 931 935 934)
4(921 925 941 937)
4(936 937 941 940)
4(922 923 927 926)
4(921 937 938 922)
4(918 922 938 934)
4(933 934 938 937)
4(930 934 950 946)
4(933 949 950 934)
4(945 946 950 949)
4(922 926 942 938)
4(937 938 942 941)
4(936 952 953 937)
4(933 937 953 949)
4(948 949 953 952)
4(922 938 939 923)
4(934 935 939 938)
4(945 949 965 961)
4(948 964 965 949)
4(960 961 965 964)
4(934 950 951 935)
4(946 947 951 950)
4(937 941 957 953)
4(952 953 957 956)
4(938 939 943 942)
4(937 953 954 938)
4(934 938 954 950)
4(949 950 954 953)
4(946 950 966 962)
4(949 965 966 950)
4(961 962 966 965)
4(938 942 958 954)
4(953 954 958 957)
4(952 968 969 953)
4(949 953 969 965)
4(964 965 969 968)
4(938 954 955 939)
4(950 951 955 954)
4(961 965 981 977)
4(964 980 981 965)
4(976 977 981 980)
4(950 966 967 951)
4(962 963 967 966)
4(953 957 973 969)
4(968 969 973 972)
4(954 955 959 958)
4(953 969 970 954)
4(950 954 970 966)
4(965 966 970 969)
4(962 966 982 978)
4(965 981 982 966)
4(977 978 982 981)
4(954 958 974 970)
4(969 970 974 973)
4(968 984 985 969)
4(965 969 985 981)
4(980 981 985 984)
4(954 970 971 955)
4(966 967 971 970)
4(977 981 997 993)
4(980 996 997 981)
4(992 993 997 996)
4(966 982 983 967)
4(978 979 983 982)
4(969 973 989 985)
4(984 985 989 988)
4(970 971 975 974)
4(969 985 986 970)
4(966 970 986 982)
4(981 982 986 985)
4(978 982 998 994)
4(981 997 998 982)
4(993 994 998 997)
4(970 974 990 986)
4(985 986 990 989)
4(984 1000 1001 985)
4(981 985 1001 997)
4(996 997 1001 1000)
4(970 986 987 971)
4(982 983 987 986)
4(993 997 1013 1009)
4(996 1012 1013 997)
4(1008 1009 1013 1012)
4(982 998 999 983)
4(994 995 999 998)
4(985 989 1005 1001)
4(1000 1001 1005 1004)
4(986 987 991 990)
4(985 1001 1002 986)
4(982 986 1002 998)
4(997 998 1002 1001)
4(994 998 1014 1010)
4(997 1013 1014 998)
4(1009 1010 1014 1013)
4(986 990 1006 1002)
4(1001 1002 1006 1005)
4(1000 1016 1017 1001)
4(997 1001 1017 1013)
4(1012 1013 1017 1016)
4(986 1002 1003 987)
4(998 999 1003 1002)
4(1009 1013 1029 1025)
4(1012 1028 1029 1013)
4(1024 1025 1029 1028)
4(998 1014 1015 999)
4(1010 1011 1015 1014)
4(1001 1005 1021 1017)
4(1016 1017 1021 1020)
4(1002 1003 1007 1006)
4(1001 1017 1018 1002)
4(998 1002 1018 1014)
4(1013 1014 1018 1017)
4(1010 1014 1030 1026)
4(1013 1029 1030 1014)
4(1025 1026 1030 1029)
4(1002 1006 1022 1018)
4(1017 1018 1022 1021)
4(1016 1032 1033 1017)
4(1013 1017 1033 1029)
4(1028 1029 1033 1032)
4(1002 1018 1019 1003)
4(1014 1015 1019 1018)
4(1025 1029 1045 1041)
4(1028 1044 1045 1029)
4(1040 1041 1045 1044)
4(1014 1030 1031 1015)
4(1026 1027 1031 1030)
4(1017 1021 1037 1033)
4(1032 1033 1037 1036)
4(1018 1019 1023 1022)
4(1017 1033 1034 1018)
4(1014 1018 1034 1030)
4(1029 1030 1034 1033)
4(1026 1030 1046 1042)
4(1029 1045 1046 1030)
4(1041 1042 1046 1045)
4(1018 1022 1038 1034)
4(1033 1034 1038 1037)
4(1032 1048 1049 1033)
4(1029 1033 1049 1045)
4(1044 1045 1049 1048)
4(1018 1034 1035 1019)
4(1030 1031 1035 1034)
4(1041 1045 1061 1057)
4(1044 1060 1061 1045)
4(1056 1057 1061 1060)
4(1030 1046 1047 1031)
4(1042 1043 1047 1046)
4(1033 1037 1053 1049)
4(1048 1049 1053 1052)
4(1034 1035 1039 1038)
4(1033 1049 1050 1034)
4(1030 1034 1050 1046)
4(1045 1046 1050 1049)
4(1042 1046 1062 1058)
4(1045 1061 1062 1046)
4(1057 1058 1062 1061)
4(1034 1038 1054 1050)
4(1049 1050 1054 1053)
4(1048 1064 1065 1049)
4(1045 1049 1065 1061)
4(1060 1061 1065 1064)
4(1034 1050 1051 1035)
4(1046 1047 1051 1050)
4(1057 1061 1077 1073)
4(1060 1076 1077 1061)
4(1072 1073 1077 1076)
4(1046 1062 1063 1047)
4(1058 1059 1063 1062)
4(1049 1053 1069 1065)
4(1064 1065 1069 1068)
4(1050 1051 1055 1054)
4(1049 1065 1066 1050)
4(1046 1050 1066 1062)
4(1061 1062 1066 1065)
4(1058 1062 1078 1074)
4(1061 1077 1078 1062)
4(1073 1074 1078 1077)
4(1050 1054 1070 1066)
4(1065 1066 1070 1069)
4(1064 1080 1081 1065)
4(1061 1065 1081 1077)
4(1076 1077 1081 1080)
4(1050 1066 1067 1051)
4(1062 1063 1067 1066)
4(1073 1077 1093 1089)
4(1076 1092 1093 1077)
4(1088 1089 1093 1092)
4(1062 1078 1079 1063)
4(1074 1075 1079 1078)
4(1065 1069 1085 1081)
4(1080 1081 1085 1084)
4(1066 1067 1071 1070)
4(1065 1081 1082 1066)
4(1062 1066 1082 1078)
4(1077 1078 1082 1081)
4(1074 1078 1094 1090)
4(1077 1093 1094 1078)
4(1089 1090 1094 1093)
4(1066 1070 1086 1082)
4(1081 1082 1086 1085)
4(1080 1096 1097 1081)
4(1077 1081 1097 1093)
4(1092 1093 1097 1096)
4(1066 1082 1083 1067)
4(1078 1079 1083 1082)
4(1089 1093 1109 1105)
4(1092 1108 1109 1093)
4(1104 1105 1109 1108)
4(1078 1094 1095 1079)
4(1090 1091 1095 1094)
4(1081 1085 1101 1097)
4(1096 1097 1101 1100)
4(1082 1083 1087 1086)
4(1081 1097 1098 1082)
4(1078 1082 1098 1094)
4(1093 1094 1098 1097)
4(1090 1094 1110 1106)
4(1093 1109 1110 1094)
4(1105 1106 1110 1109)
4(1082 1086 1102 1098)
4(1097 1098 1102 1101)
4(1096 1112 1113 1097)
4(1093 1097 1113 1109)
4(1108 1109 1113 1112)
4(1082 1098 1099 1083)
4(1094 1095 1099 1098)
4(1105 1109 1125 1121)
4(1108 1124 1125 1109)
4(1120 1121 1125 1124)
4(1094 1110 1111 1095)
4(1106 1107 1111 1110)
4(1097 1101 1117 1113)
4(1112 1113 1117 1116)
4(1098 1099 1103 1102)
4(1097 1113 1114 1098)
4(1094 1098 1114 1110)
4(1109 1110 1114 1113)
4(1106 1110 1126 1122)
4(1109 1125 1126 1110)
4(1121 1122 1126 1125)
4(1098 1102 1118 1114)
4(1113 1114 1118 1117)
4(1112 1128 1129 1113)
4(1109 1113 1129 1125)
4(1124 1125 1129 1128)
4(1098 1114 1115 1099)
4(1110 1111 1115 1114)
4(1121 1125 1141 1137)
4(1124 1140 1141 1125)
4(1136 1137 1141 1140)
4(1110 1126 1127 1111)
4(1122 1123 1127 1126)
4(1113 1117 1133 1129)
4(1128 1129 1133 1132)
4(1114 1115 1119 1118)
4(1113 1129 1130 1114)
4(1110 1114 1130 1126)
4(1125 1126 1130 1129)
4(1122 1126 1142 1138)
4(1125 1141 1142 1126)
4(1137 1138 1142 1141)
4(1114 1118 1134 1130)
4(1129 1130 1134 1133)
4(1128 1144 1145 1129)
4(1125 1129 1145 1141)
4(1140 1141 1145 1144)
4(1114 1130 1131 1115)
4(1126 1127 1131 1130)
4(1137 1141 1157 1153)
4(1140 1156 1157 1141)
4(1152 1153 1157 1156)
4(1126 1142 1143 1127)
4(1138 1139 1143 1142)
4(1129 1133 1149 1145)
4(1144 1145 1149 1148)
4(1130 1131 1135 1134)
4(1129 1145 1146 1130)
4(1126 1130 1146 1142)
4(1141 1142 1146 1145)
4(1138 1142 1158 1154)
4(1141 1157 1158 1142)
4(1153 1154 1158 1157)
4(1130 1134 1150 1146)
4(1145 1146 1150 1149)
4(1144 1160 1161 1145)
4(1141 1145 1161 1157)
4(1156 1157 1161 1160)
4(1130 1146 1147 1131)
4(1142 1143 1147 1146)
4(1153 1157 1173 1169)
4(1156 1172 1173 1157)
4(1168 1169 1173 1172)
4(1142 1158 1159 1143)
4(1154 1155 1159 1158)
4(1145 1149 1165 1161)
4(1160 1161 1165 1164)
4(1146 1147 1151 1150)
4(1145 1161 1162 1146)
4(1142 1146 1162 1158)
4(1157 1158 1162 1161)
4(1154 1158 1174 1170)
4(1157 1173 1174 1158)
4(1169 1170 1174 1173)
4(1146 1150 1166 1162)
4(1161 1162 1166 1165)
4(1160 1176 1177 1161)
4(1157 1161 1177 1173)
4(1172 1173 1177 1176)
4(1146 1162 1163 1147)
4(1158 1159 1163 1162)
4(1169 1173 1189 1185)
4(1172 1188 1189 1173)
4(1184 1185 1189 1188)
4(1158 1174 1175 1159)
4(1170 1171 1175 1174)
4(1161 1165 1181 1177)
4(1176 1177 1181 1180)
4(1162 1163 1167 1166)
4(1161 1177 1178 1162)
4(1158 1162 1178 1174)
4(1173 1174 1178 1177)
4(1170 1174 1190 1186)
4(1173 1189 1190 1174)
4(1185 1186 1190 1189)
4(1162 1166 1182 1178)
4(1177 1178 1182 1181)
4(1176 1192 1193 1177)
4(1173 1177 1193 1189)
4(1188 1189 1193 1192)
4(1162 1178 1179 1163)
4(1174 1175 1179 1178)
4(1185 1189 1205 1201)
4(1188 1204 1205 1189)
4(1200 1201 1205 1204)
4(1174 1190 1191 1175)
4(1186 1187 1191 1190)
4(1177 1181 1197 1193)
4(1192 1193 1197 1196)
4(1178 1179 1183 1182)
4(1177 1193 1194 1178)
4(1174 1178 1194 1190)
4(1189 1190 1194 1193)
4(1186 1190 1206 1202)
4(1189 1205 1206 1190)
4(1201 1202 1206 1205)
4(1178 1182 1198 1194)
4(1193 1194 1198 1197)
4(1192 1208 1209 1193)
4(1189 1193 1209 1205)
4(1204 1205 1209 1208)
4(1178 1194 1195 1179)
4(1190 1191 1195 1194)
4(1201 1205 1221 1217)
4(1204 1220 1221 1205)
4(1216 1217 1221 1220)
4(1190 1206 1207 1191)
4(1202 1203 1207 1206)
4(1193 1197 1213 1209)
4(1208 1209 1213 1212)
4(1194 1195 1199 1198)
4(1193 1209 1210 1194)
4(1190 1194 1210 1206)
4(1205 1206 1210 1209)
4(1202 1206 1222 1218)
4(1205 1221 1222 1206)
4(1217 1218 1222 1221)
4(1194 1198 1214 1210)
4(1209 1210 1214 1213)
4(1208 1224 1225 1209)
4(1205 1209 1225 1221)
4(1220 1221 1225 1224)
4(1194 1210 1211 1195)
4(1206 1207 1211 1210)
4(1217 1221 1237 1233)
4(1220 1236 1237 1221)
4(1232 1233 1237 1236)
4(1206 1222 1223 1207)
4(1218 1219 1223 1222)
4(1209 1213 1229 1225)
4(1224 1225 1229 1228)
4(1210 1211 1215 1214)
4(1209 1225 1226 1210)
4(1206 1210 1226 1222)
4(1221 1222 1226 1225)
4(1218 1222 1238 1234)
4(1221 1237 1238 1222)
4(1233 1234 1238 1237)
4(1210 1214 1230 1226)
4(1225 1226 1230 1229)
4(1224 1240 1241 1225)
4(1221 1225 1241 1237)
4(1236 1237 1241 1240)
4(1210 1226 1227 1211)
4(1222 1223 1227 1226)
4(1233 1237 1253 1249)
4(1236 1252 1253 1237)
4(1248 1249 1253 1252)
4(1222 1238 1239 1223)
4(1234 1235 1239 1238)
4(1225 1229 1245 1241)
4(1240 1241 1245 1244)
4(1226 1227 1231 1230)
4(1225 1241 1242 1226)
4(1222 1226 1242 1238)
4(1237 1238 1242 1241)
4(1234 1238 1254 1250)
4(1237 1253 1254 1238)
4(1249 1250 1254 1253)
4(1226 1230 1246 1242)
4(1241 1242 1246 1245)
4(1240 1256 1257 1241)
4(1237 1241 1257 1253)
4(1252 1253 1257 1256)
4(1226 1242 1243 1227)
4(1238 1239 1243 1242)
4(1249 1253 1269 1265)
4(1252 1268 1269 1253)
4(1264 1265 1269 1268)
4(1238 1254 1255 1239)
4(1250 1251 1255 1254)
4(1241 1245 1261 1257)
4(1256 1257 1261 1260)
4(1242 1243 1247 1246)
4(1241 1257 1258 1242)
4(1238 1242 1258 1254)
4(1253 1254 1258 1257)
4(1250 1254 1270 1266)
4(1253 1269 1270 1254)
4(1265 1266 1270 1269)
4(1242 1246 1262 1258)
4(1257 1258 1262 1261)
4(1256 1272 1273 1257)
4(1253 1257 1273 1269)
4(1268 1269 1273 1272)
4(1242 1258 1259 1243)
4(1254 1255 1259 1258)
4(1265 1269 1285 1281)
4(1268 1284 1285 1269)
4(1280 1281 1285 1284)
4(1254 1270 1271 1255)
4(1266 1267 1271 1270)
4(1257 1261 1277 1273)
4(1272 1273 1277 1276)
4(1258 1259 1263 1262)
4(1257 1273 1274 1258)
4(1254 1258 1274 1270)
4(1269 1270 1274 1273)
4(1266 1270 1286 1282)
4(1269 1285 1286 1270)
4(1281 1282 1286 1285)
4(1258 1262 1278 1274)
4(1273 1274 1278 1277)
4(1272 1288 1289 1273)
4(1269 1273 1289 1285)
4(1284 1285 1289 1288)
4(1258 1274 1275 1259)
4(1270 1271 1275 1274)
4(1281 1285 1301 1297)
4(1284 1300 1301 1285)
4(1296 1297 1301 1300)
4(1270 1286 1287 1271)
4(1282 1283 1287 1286)
4(1273 1277 1293 1289)
4(1288 1289 1293 1292)
4(1274 1275 1279 1278)
4(1273 1289 1290 1274)
4(1270 1274 1290 1286)
4(1285 1286 1290 1289)
4(1282 1286 1302 1298)
4(1285 1301 1302 1286)
4(1297 1298 1302 1301)
4(1274 1278 1294 1290)
4(1289 1290 1294 1293)
4(1288 1304 1305 1289)
4(1285 1289 1305 1301)
4(1300 1301 1305 1304)
4(1274 1290 1291 1275)
4(1286 1287 1291 1290)
4(1297 1301 1317 1313)
4(1300 1316 1317 1301)
4(1312 1313 1317 1316)
4(1286 1302 1303 1287)
4(1298 1299 1303 1302)
4(1289 1293 1309 1305)
4(1304 1305 1309 1308)
4(1290 1291 1295 1294)
4(1289 1305 1306 1290)
4(1286 1290 1306 1302)
4(1301 1302 1306 1305)
4(1298 1302 1318 1314)
4(1301 1317 1318 1302)
4(1313 1314 1318 1317)
4(1290 1294 1310 1306)
4(1305 1306 1310 1309)
4(1304 1320 1321 1305)
4(1301 1305 1321 1317)
4(1316 1317 1321 1320)
4(1290 1306 1307 1291)
4(1302 1303 1307 1306)
4(1313 1317 1333 1329)
4(1316 1332 1333 1317)
4(1328 1329 1333 1332)
4(1302 1318 1319 1303)
4(1314 1315 1319 1318)
4(1305 1309 1325 1321)
4(1320 1321 1325 1324)
4(1306 1307 1311 1310)
4(1305 1321 1322 1306)
4(1302 1306 1322 1318)
4(1317 1318 1322 1321)
4(1314 1318 1334 1330)
4(1317 1333 1334 1318)
4(1329 1330 1334 1333)
4(1306 1310 1326 1322)
4(1321 1322 1326 1325)
4(1320 1336 1337 1321)
4(1317 1321 1337 1333)
4(1332 1333 1337 1336)
4(1306 1322 1323 1307)
4(1318 1319 1323 1322)
4(1329 1333 1349 1345)
4(1332 1348 1349 1333)
4(1344 1345 1349 1348)
4(1318 1334 1335 1319)
4(1330 1331 1335 1334)
4(1321 1325 1341 1337)
4(1336 1337 1341 1340)
4(1322 1323 1327 1326)
4(1321 1337 1338 1322)
4(1318 1322 1338 1334)
4(1333 1334 1338 1337)
4(1330 1334 1350 1346)
4(1333 1349 1350 1334)
4(1345 1346 1350 1349)
4(1322 1326 1342 1338)
4(1337 1338 1342 1341)
4(1336 1352 1353 1337)
4(1333 1337 1353 1349)
4(1348 1349 1353 1352)
4(1322 1338 1339 1323)
4(1334 1335 1339 1338)
4(1345 1349 1365 1361)
4(1348 1364 1365 1349)
4(1360 1361 1365 1364)
4(1334 1350 1351 1335)
4(1346 1347 1351 1350)
4(1337 1341 1357 1353)
4(1352 1353 1357 1356)
4(1338 1339 1343 1342)
4(1337 1353 1354 1338)
4(1334 1338 1354 1350)
4(1349 1350 1354 1353)
4(1346 1350 1366 1362)
4(1349 1365 1366 1350)
4(1361 1362 1366 1365)
4(1338 1342 1358 1354)
4(1353 1354 1358 1357)
4(1352 1368 1369 1353)
4(1349 1353 1369 1365)
4(1364 1365 1369 1368)
4(1338 1354 1355 1339)
4(1350 1351 1355 1354)
4(1361 1365 1381 1377)
4(1364 1380 1381 1365)
4(1376 1377 1381 1380)
4(1350 1366 1367 1351)
4(1362 1363 1367 1366)
4(1353 1357 1373 1369)
4(1368 1369 1373 1372)
4(1354 1355 1359 1358)
4(1353 1369 1370 1354)
4(1350 1354 1370 1366)
4(1365 1366 1370 1369)
4(1362 1366 1382 1378)
4(1365 1381 1382 1366)
4(1377 1378 1382 1381)
4(1354 1358 1374 1370)
4(1369 1370 1374 1373)
4(1368 1384 1385 1369)
4(1365 1369 1385 1381)
4(1380 1381 1385 1384)
4(1354 1370 1371 1355)
4(1366 1367 1371 1370)
4(1377 1381 1397 1393)
4(1380 1396 1397 1381)
4(1392 1393 1397 1396)
4(1366 1382 1383 1367)
4(1378 1379 1383 1382)
4(1369 1373 1389 1385)
4(1384 1385 1389 1388)
4(1370 1371 1375 1374)
4(1369 1385 1386 1370)
4(1366 1370 1386 1382)
4(1381 1382 1386 1385)
4(1378 1382 1398 1394)
4(1381 1397 1398 1382)
4(1393 1394 1398 1397)
4(1370 1374 1390 1386)
4(1385 1386 1390 1389)
4(1384 1400 1401 1385)
4(1381 1385 1401 1397)
4(1396 1397 1401 1400)
4(1370 1386 1387 1371)
4(1382 1383 1387 1386)
4(1393 1397 1413 1409)
4(1396 1412 1413 1397)
4(1408 1409 1413 1412)
4(1382 1398 1399 1383)
4(1394 1395 1399 1398)
4(1385 1389 1405 1401)
4(1400 1401 1405 1404)
4(1386 1387 1391 1390)
4(1385 1401 1402 1386)
4(1382 1386 1402 1398)
4(1397 1398 1402 1401)
4(1394 1398 1414 1410)
4(1397 1413 1414 1398)
4(1409 1410 1414 1413)
4(1386 1390 1406 1402)
4(1401 1402 1406 1405)
4(1400 1416 1417 1401)
4(1397 1401 1417 1413)
4(1412 1413 1417 1416)
4(1386 1402 1403 1387)
4(1398 1399 1403 1402)
4(1409 1413 1429 1425)
4(1412 1428 1429 1413)
4(1424 1425 1429 1428)
4(1398 1414 1415 1399)
4(1410 1411 1415 1414)
4(1401 1405 1421 1417)
4(1416 1417 1421 1420)
4(1402 1403 1407 1406)
4(1401 1417 1418 1402)
4(1398 1402 1418 1414)
4(1413 1414 1418 1417)
4(1410 1414 1430 1426)
4(1413 1429 1430 1414)
4(1425 1426 1430 1429)
4(1402 1406 1422 1418)
4(1417 1418 1422 1421)
4(1416 1432 1433 1417)
4(1413 1417 1433 1429)
4(1428 1429 1433 1432)
4(1402 1418 1419 1403)
4(1414 1415 1419 1418)
4(1425 1429 1445 1441)
4(1428 1444 1445 1429)
4(1440 1441 1445 1444)
4(1414 1430 1431 1415)
4(1426 1427 1431 1430)
4(1417 1421 1437 1433)
4(1432 1433 1437 1436)
4(1418 1419 1423 1422)
4(1417 1433 1434 1418)
4(1414 1418 1434 1430)
4(1429 1430 1434 1433)
4(1426 1430 1446 1442)
4(1429 1445 1446 1430)
4(1441 1442 1446 1445)
4(1418 1422 1438 1434)
4(1433 1434 1438 1437)
4(1432 1448 1449 1433)
4(1429 1433 1449 1445)
4(1444 1445 1449 1448)
4(1418 1434 1435 1419)
4(1430 1431 1435 1434)
4(1441 1445 1461 1457)
4(1444 1460 1461 1445)
4(1456 1457 1461 1460)
4(1430 1446 1447 1431)
4(1442 1443 1447 1446)
4(1433 1437 1453 1449)
4(1448 1449 1453 1452)
4(1434 1435 1439 1438)
4(1433 1449 1450 1434)
4(1430 1434 1450 1446)
4(1445 1446 1450 1449)
4(1442 1446 1462 1458)
4(1445 1461 1462 1446)
4(1457 1458 1462 1461)
4(1434 1438 1454 1450)
4(1449 1450 1454 1453)
4(1448 1464 1465 1449)
4(1445 1449 1465 1461)
4(1460 1461 1465 1464)
4(1434 1450 1451 1435)
4(1446 1447 1451 1450)
4(1457 1461 1477 1473)
4(1460 1476 1477 1461)
4(1472 1473 1477 1476)
4(1446 1462 1463 1447)
4(1458 1459 1463 1462)
4(1449 1453 1469 1465)
4(1464 1465 1469 1468)
4(1450 1451 1455 1454)
4(1449 1465 1466 1450)
4(1446 1450 1466 1462)
4(1461 1462 1466 1465)
4(1458 1462 1478 1474)
4(1461 1477 1478 1462)
4(1473 1474 1478 1477)
4(1450 1454 1470 1466)
4(1465 1466 1470 1469)
4(1464 1480 1481 1465)
4(1461 1465 1481 1477)
4(1476 1477 1481 1480)
4(1450 1466 1467 1451)
4(1462 1463 1467 1466)
4(1473 1477 1493 1489)
4(1476 1492 1493 1477)
4(1488 1489 1493 1492)
4(1462 1478 1479 1463)
4(1474 1475 1479 1478)
4(1465 1469 1485 1481)
4(1480 1481 1485 1484)
4(1466 1467 1471 1470)
4(1465 1481 1482 1466)
4(1462 1466 1482 1478)
4(1477 1478 1482 1481)
4(1474 1478 1494 1490)
4(1477 1493 1494 1478)
4(1489 1490 1494 1493)
4(1466 1470 1486 1482)
4(1481 1482 1486 1485)
4(1480 1496 1497 1481)
4(1477 1481 1497 1493)
4(1492 1493 1497 1496)
4(1466 1482 1483 1467)
4(1478 1479 1483 1482)
4(1489 1493 1509 1505)
4(1492 1508 1509 1493)
4(1504 1505 1509 1508)
4(1478 1494 1495 1479)
4(1490 1491 1495 1494)
4(1481 1485 1501 1497)
4(1496 1497 1501 1500)
4(1482 1483 1487 1486)
4(1481 1497 1498 1482)
4(1478 1482 1498 1494)
4(1493 1494 1498 1497)
4(1490 1494 1510 1506)
4(1493 1509 1510 1494)
4(1505 1506 1510 1509)
4(1482 1486 1502 1498)
4(1497 1498 1502 1501)
4(1496 1512 1513 1497)
4(1493 1497 1513 1509)
4(1508 1509 1513 1512)
4(1482 1498 1499 1483)
4(1494 1495 1499 1498)
4(1505 1509 1525 1521)
4(1508 1524 1525 1509)
4(1520 1521 1525 1524)
4(1494 1510 1511 1495)
4(1506 1507 1511 1510)
4(1497 1501 1517 1513)
4(1512 1513 1517 1516)
4(1498 1499 1503 1502)
4(1497 1513 1514 1498)
4(1494 1498 1514 1510)
4(1509 1510 1514 1513)
4(1506 1510 1526 1522)
4(1509 1525 1526 1510)
4(1521 1522 1526 1525)
4(1498 1502 1518 1514)
4(1513 1514 1518 1517)
4(1512 1528 1529 1513)
4(1509 1513 1529 1525)
4(1524 1525 1529 1528)
4(1498 1514 1515 1499)
4(1510 1511 1515 1514)
4(1521 1525 1541 1537)
4(1524 1540 1541 1525)
4(1536 1537 1541 1540)
4(1510 1526 1527 1511)
4(1522 1523 1527 1526)
4(1513 1517 1533 1529)
4(1528 1529 1533 1532)
4(1514 1515 1519 1518)
4(1513 1529 1530 1514)
4(1510 1514 1530 1526)
4(1525 1526 1530 1529)
4(1522 1526 1542 1538)
4(1525 1541 1542 1526)
4(1537 1538 1542 1541)
4(1514 1518 1534 1530)
4(1529 1530 1534 1533)
4(1528 1544 1545 1529)
4(1525 1529 1545 1541)
4(1540 1541 1545 1544)
4(1514 1530 1531 1515)
4(1526 1527 1531 1530)
4(1537 1541 1557 1553)
4(1540 1556 1557 1541)
4(1552 1553 1557 1556)
4(1526 1542 1543 1527)
4(1538 1539 1543 1542)
4(1529 1533 1549 1545)
4(1544 1545 1549 1548)
4(1530 1531 1535 1534)
4(1529 1545 1546 1530)
4(1526 1530 1546 1542)
4(1541 1542 1546 1545)
4(1538 1542 1558 1554)
4(1541 1557 1558 1542)
4(1553 1554 1558 1557)
4(1530 1534 1550 1546)
4(1545 1546 1550 1549)
4(1544 1560 1561 1545)
4(1541 1545 1561 1557)
4(1556 1557 1561 1560)
4(1530 1546 1547 1531)
4(1542 1543 1547 1546)
4(1553 1557 1573 1569)
4(1556 1572 1573 1557)
4(1568 1569 1573 1572)
4(1542 1558 1559 1543)
4(1554 1555 1559 1558)
4(1545 1549 1565 1561)
4(1560 1561 1565 1564)
4(1546 1547 1551 1550)
4(1545 1561 1562 1546)
4(1542 1546 1562 1558)
4(1557 1558 1562 1561)
4(1554 1558 1574 1570)
4(1557 1573 1574 1558)
4(1569 1570 1574 1573)
4(1546 1550 1566 1562)
4(1561 1562 1566 1565)
4(1560 1576 1577 1561)
4(1557 1561 1577 1573)
4(1572 1573 1577 1576)
4(1546 1562 1563 1547)
4(1558 1559 1563 1562)
4(1569 1573 1589 1585)
4(1572 1588 1589 1573)
4(1584 1585 1589 1588)
4(1558 1574 1575 1559)
4(1570 1571 1575 1574)
4(1561 1565 1581 1577)
4(1576 1577 1581 1580)
4(1562 1563 1567 1566)
4(1561 1577 1578 1562)
4(1558 1562 1578 1574)
4(1573 1574 1578 1577)
4(1570 1574 1590 1586)
4(1573 1589 1590 1574)
4(1585 1586 1590 1589)
4(1562 1566 1582 1578)
4(1577 1578 1582 1581)
4(1576 1592 1593 1577)
4(1573 1577 1593 1589)
4(1588 1589 1593 1592)
4(1562 1578 1579 1563)
4(1574 1575 1579 1578)
4(1585 1589 1605 1601)
4(1588 1604 1605 1589)
4(1600 1601 1605 1604)
4(1574 1590 1591 1575)
4(1586 1587 1591 1590)
4(1577 1581 1597 1593)
4(1592 1593 1597 1596)
4(1578 1579 1583 1582)
4(1577 1593 1594 1578)
4(1574 1578 1594 1590)
4(1589 1590 1594 1593)
4(1586 1590 1606 1602)
4(1589 1605 1606 1590)
4(1601 1602 1606 1605)
4(1578 1582 1598 1594)
4(1593 1594 1598 1597)
4(1592 1608 1609 1593)
4(1589 1593 1609 1605)
4(1604 1605 1609 1608)
4(1578 1594 1595 1579)
4(1590 1591 1595 1594)
4(1601 1605 1621 1617)
4(1604 1620 1621 1605)
4(1616 1617 1621 1620)
4(1590 1606 1607 1591)
4(1602 1603 1607 1606)
4(1593 1597 1613 1609)
4(1608 1609 1613 1612)
4(1594 1595 1599 1598)
4(1593 1609 1610 1594)
4(1590 1594 1610 1606)
4(1605 1606 1610 1609)
4(1602 1606 1622 1618)
4(1605 1621 1622 1606)
4(1617 1618 1622 1621)
4(1594 1598 1614 1610)
4(1609 1610 1614 1613)
4(1608 1624 1625 1609)
4(1605 1609 1625 1621)
4(1620 1621 1625 1624)
4(1594 1610 1611 1595)
4(1606 1607 1611 1610)
4(1617 1621 1637 1633)
4(1620 1636 1637 1621)
4(1632 1633 1637 1636)
4(1606 1622 1623 1607)
4(1618 1619 1623 1622)
4(1609 1613 1629 1625)
4(1624 1625 1629 1628)
4(1610 1611 1615 1614)
4(1609 1625 1626 1610)
4(1606 1610 1626 1622)
4(1621 1622 1626 1625)
4(1618 1622 1638 1634)
4(1621 1637 1638 1622)
4(1633 1634 1638 1637)
4(1610 1614 1630 1626)
4(1625 1626 1630 1629)
4(1624 1640 1641 1625)
4(1621 1625 1641 1637)
4(1636 1637 1641 1640)
4(1610 1626 1627 1611)
4(1622 1623 1627 1626)
4(1633 1637 1653 1649)
4(1636 1652 1653 1637)
4(1648 1649 1653 1652)
4(1622 1638 1639 1623)
4(1634 1635 1639 1638)
4(1625 1629 1645 1641)
4(1640 1641 1645 1644)
4(1626 1627 1631 1630)
4(1625 1641 1642 1626)
4(1622 1626 1642 1638)
4(1637 1638 1642 1641)
4(1634 1638 1654 1650)
4(1637 1653 1654 1638)
4(1649 1650 1654 1653)
4(1626 1630 1646 1642)
4(1641 1642 1646 1645)
4(1640 1656 1657 1641)
4(1637 1641 1657 1653)
4(1652 1653 1657 1656)
4(1626 1642 1643 1627)
4(1638 1639 1643 1642)
4(1649 1653 1669 1665)
4(1652 1668 1669 1653)
4(1664 1665 1669 1668)
4(1638 1654 1655 1639)
4(1650 1651 1655 1654)
4(1641 1645 1661 1657)
4(1656 1657 1661 1660)
4(1642 1643 1647 1646)
4(1641 1657 1658 1642)
4(1638 1642 1658 1654)
4(1653 1654 1658 1657)
4(1650 1654 1670 1666)
4(1653 1669 1670 1654)
4(1665 1666 1670 1669)
4(1642 1646 1662 1658)
4(1657 1658 1662 1661)
4(1656 1672 1673 1657)
4(1653 1657 1673 1669)
4(1668 1669 1673 1672)
4(1642 1658 1659 1643)
4(1654 1655 1659 1658)
4(1665 1669 1685 1681)
4(1668 1684 1685 1669)
4(1680 1681 1685 1684)
4(1654 1670 1671 1655)
4(1666 1667 1671 1670)
4(1657 1661 1677 1673)
4(1672 1673 1677 1676)
4(1658 1659 1663 1662)
4(1657 1673 1674 1658)
4(1654 1658 1674 1670)
4(1669 1670 1674 1673)
4(1666 1670 1686 1682)
4(1669 1685 1686 1670)
4(1681 1682 1686 1685)
4(1658 1662 1678 1674)
4(1673 1674 1678 1677)
4(1672 1688 1689 1673)
4(1669 1673 1689 1685)
4(1684 1685 1689 1688)
4(1658 1674 1675 1659)
4(1670 1671 1675 1674)
4(1681 1685 1701 1697)
4(1684 1700 1701 1685)
4(1696 1697 1701 1700)
4(1670 1686 1687 1671)
4(1682 1683 1687 1686)
4(1673 1677 1693 1689)
4(1688 1689 1693 1692)
4(1674 1675 1679 1678)
4(1673 1689 1690 1674)
4(1670 1674 1690 1686)
4(1685 1686 1690 1689)
4(1682 1686 1702 1698)
4(1685 1701 1702 1686)
4(1697 1698 1702 1701)
4(1674 1678 1694 1690)
4(1689 1690 1694 1693)
4(1688 1704 1705 1689)
4(1685 1689 1705 1701)
4(1700 1701 1705 1704)
4(1674 1690 1691 1675)
4(1686 1687 1691 1690)
4(1697 1701 1717 1713)
4(1700 1716 1717 1701)
4(1712 1713 1717 1716)
4(1686 1702 1703 1687)
4(1698 1699 1703 1702)
4(1689 1693 1709 1705)
4(1704 1705 1709 1708)
4(1690 1691 1695 1694)
4(1689 1705 1706 1690)
4(1686 1690 1706 1702)
4(1701 1702 1706 1705)
4(1698 1702 1718 1714)
4(1701 1717 1718 1702)
4(1713 1714 1718 1717)
4(1690 1694 1710 1706)
4(1705 1706 1710 1709)
4(1704 1720 1721 1705)
4(1701 1705 1721 1717)
4(1716 1717 1721 1720)
4(1690 1706 1707 1691)
4(1702 1703 1707 1706)
4(1713 1717 1733 1729)
4(1716 1732 1733 1717)
4(1728 1729 1733 1732)
4(1702 1718 1719 1703)
4(1714 1715 1719 1718)
4(1705 1709 1725 1721)
4(1720 1721 1725 1724)
4(1706 1707 1711 1710)
4(1705 1721 1722 1706)
4(1702 1706 1722 1718)
4(1717 1718 1722 1721)
4(1714 1718 1734 1730)
4(1717 1733 1734 1718)
4(1729 1730 1734 1733)
4(1706 1710 1726 1722)
4(1721 1722 1726 1725)
4(1720 1736 1737 1721)
4(1717 1721 1737 1733)
4(1732 1733 1737 1736)
4(1706 1722 1723 1707)
4(1718 1719 1723 1722)
4(1729 1733 1749 1745)
4(1732 1748 1749 1733)
4(1744 1745 1749 1748)
4(1718 1734 1735 1719)
4(1730 1731 1735 1734)
4(1721 1725 1741 1737)
4(1736 1737 1741 1740)
4(1722 1723 1727 1726)
4(1721 1737 1738 1722)
4(1718 1722 1738 1734)
4(1733 1734 1738 1737)
4(1730 1734 1750 1746)
4(1733 1749 1750 1734)
4(1745 1746 1750 1749)
4(1722 1726 1742 1738)
4(1737 1738 1742 1741)
4(1736 1752 1753 1737)
4(1733 1737 1753 1749)
4(1748 1749 1753 1752)
4(1722 1738 1739 1723)
4(1734 1735 1739 1738)
4(1745 1749 1765 1761)
4(1748 1764 1765 1749)
4(1760 1761 1765 1764)
4(1734 1750 1751 1735)
4(1746 1747 1751 1750)
4(1737 1741 1757 1753)
4(1752 1753 1757 1756)
4(1738 1739 1743 1742)
4(1737 1753 1754 1738)
4(1734 1738 1754 1750)
4(1749 1750 1754 1753)
4(1746 1750 1766 1762)
4(1749 1765 1766 1750)
4(1761 1762 1766 1765)
4(1738 1742 1758 1754)
4(1753 1754 1758 1757)
4(1752 1768 1769 1753)
4(1749 1753 1769 1765)
4(1764 1765 1769 1768)
4(1738 1754 1755 1739)
4(1750 1751 1755 1754)
4(1761 1765 1781 1777)
4(1764 1780 1781 1765)
4(1776 1777 1781 1780)
4(1750 1766 1767 1751)
4(1762 1763 1767 1766)
4(1753 1757 1773 1769)
4(1768 1769 1773 1772)
4(1754 1755 1759 1758)
4(1753 1769 1770 1754)
4(1750 1754 1770 1766)
4(1765 1766 1770 1769)
4(1762 1766 1782 1778)
4(1765 1781 1782 1766)
4(1777 1778 1782 1781)
4(1754 1758 1774 1770)
4(1769 1770 1774 1773)
4(1768 1784 1785 1769)
4(1765 1769 1785 1781)
4(1780 1781 1785 1784)
4(1754 1770 1771 1755)
4(1766 1767 1771 1770)
4(1777 1781 1797 1793)
4(1780 1796 1797 1781)
4(1792 1793 1797 1796)
4(1766 1782 1783 1767)
4(1778 1779 1783 1782)
4(1769 1773 1789 1785)
4(1784 1785 1789 1788)
4(1770 1771 1775 1774)
4(1769 1785 1786 1770)
4(1766 1770 1786 1782)
4(1781 1782 1786 1785)
4(1778 1782 1798 1794)
4(1781 1797 1798 1782)
4(1793 1794 1798 1797)
4(1770 1774 1790 1786)
4(1785 1786 1790 1789)
4(1784 1800 1801 1785)
4(1781 1785 1801 1797)
4(1796 1797 1801 1800)
4(1770 1786 1787 1771)
4(1782 1783 1787 1786)
4(1793 1797 1813 1809)
4(1796 1812 1813 1797)
4(1808 1809 1813 1812)
4(1782 1798 1799 1783)
4(1794 1795 1799 1798)
4(1785 1789 1805 1801)
4(1800 1801 1805 1804)
4(1786 1787 1791 1790)
4(1785 1801 1802 1786)
4(1782 1786 1802 1798)
4(1797 1798 1802 1801)
4(1794 1798 1814 1810)
4(1797 1813 1814 1798)
4(1809 1810 1814 1813)
4(1786 1790 1806 1802)
4(1801 1802 1806 1805)
4(1800 1816 1817 1801)
4(1797 1801 1817 1813)
4(1812 1813 1817 1816)
4(1786 1802 1803 1787)
4(1798 1799 1803 1802)
4(1809 1813 1829 1825)
4(1812 1828 1829 1813)
4(1824 1825 1829 1828)
4(1798 1814 1815 1799)
4(1810 1811 1815 1814)
4(1801 1805 1821 1817)
4(1816 1817 1821 1820)
4(1802 1803 1807 1806)
4(1801 1817 1818 1802)
4(1798 1802 1818 1814)
4(1813 1814 1818 1817)
4(1810 1814 1830 1826)
4(1813 1829 1830 1814)
4(1825 1826 1830 1829)
4(1802 1806 1822 1818)
4(1817 1818 1822 1821)
4(1816 1832 1833 1817)
4(1813 1817 1833 1829)
4(1828 1829 1833 1832)
4(1802 1818 1819 1803)
4(1814 1815 1819 1818)
4(1825 1829 1845 1841)
4(1828 1844 1845 1829)
4(1840 1841 1845 1844)
4(1814 1830 1831 1815)
4(1826 1827 1831 1830)
4(1817 1821 1837 1833)
4(1832 1833 1837 1836)
4(1818 1819 1823 1822)
4(1817 1833 1834 1818)
4(1814 1818 1834 1830)
4(1829 1830 1834 1833)
4(1826 1830 1846 1842)
4(1829 1845 1846 1830)
4(1841 1842 1846 1845)
4(1818 1822 1838 1834)
4(1833 1834 1838 1837)
4(1832 1848 1849 1833)
4(1829 1833 1849 1845)
4(1844 1845 1849 1848)
4(1818 1834 1835 1819)
4(1830 1831 1835 1834)
4(1841 1845 1861 1857)
4(1844 1860 1861 1845)
4(1856 1857 1861 1860)
4(1830 1846 1847 1831)
4(1842 1843 1847 1846)
4(1833 1837 1853 1849)
4(1848 1849 1853 1852)
4(1834 1835 1839 1838)
4(1833 1849 1850 1834)
4(1830 1834 1850 1846)
4(1845 1846 1850 1849)
4(1842 1846 1862 1858)
4(1845 1861 1862 1846)
4(1857 1858 1862 1861)
4(1834 1838 1854 1850)
4(1849 1850 1854 1853)
4(1848 1864 1865 1849)
4(1845 1849 1865 1861)
4(1860 1861 1865 1864)
4(1834 1850 1851 1835)
4(1846 1847 1851 1850)
4(1857 1861 1877 1873)
4(1860 1876 1877 1861)
4(1872 1873 1877 1876)
4(1846 1862 1863 1847)
4(1858 1859 1863 1862)
4(1849 1853 1869 1865)
4(1864 1865 1869 1868)
4(1850 1851 1855 1854)
4(1849 1865 1866 1850)
4(1846 1850 1866 1862)
4(1861 1862 1866 1865)
4(1858 1862 1878 1874)
4(1861 1877 1878 1862)
4(1873 1874 1878 1877)
4(1850 1854 1870 1866)
4(1865 1866 1870 1869)
4(1864 1880 1881 1865)
4(1861 1865 1881 1877)
4(1876 1877 1881 1880)
4(1850 1866 1867 1851)
4(1862 1863 1867 1866)
4(1873 1877 1893 1889)
4(1876 1892 1893 1877)
4(1888 1889 1893 1892)
4(1862 1878 1879 1863)
4(1874 1875 1879 1878)
4(1865 1869 1885 1881)
4(1880 1881 1885 1884)
4(1866 1867 1871 1870)
4(1865 1881 1882 1866)
4(1862 1866 1882 1878)
4(1877 1878 1882 1881)
4(1874 1878 1894 1890)
4(1877 1893 1894 1878)
4(1889 1890 1894 1893)
4(1866 1870 1886 1882)
4(1881 1882 1886 1885)
4(1880 1896 1897 1881)
4(1877 1881 1897 1893)
4(1892 1893 1897 1896)
4(1866 1882 1883 1867)
4(1878 1879 1883 1882)
4(1889 1893 1909 1905)
4(1892 1908 1909 1893)
4(1904 1905 1909 1908)
4(1878 1894 1895 1879)
4(1890 1891 1895 1894)
4(1881 1885 1901 1897)
4(1896 1897 1901 1900)
4(1882 1883 1887 1886)
4(1881 1897 1898 1882)
4(1878 1882 1898 1894)
4(1893 1894 1898 1897)
4(1890 1894 1910 1906)
4(1893 1909 1910 1894)
4(1905 1906 1910 1909)
4(1882 1886 1902 1898)
4(1897 1898 1902 1901)
4(1896 1912 1913 1897)
4(1893 1897 1913 1909)
4(1908 1909 1913 1912)
4(1882 1898 1899 1883)
4(1894 1895 1899 1898)
4(1905 1909 1925 1921)
4(1908 1924 1925 1909)
4(1920 1921 1925 1924)
4(1894 1910 1911 1895)
4(1906 1907 1911 1910)
4(1897 1901 1917 1913)
4(1912 1913 1917 1916)
4(1898 1899 1903 1902)
4(1897 1913 1914 1898)
4(1894 1898 1914 1910)
4(1909 1910 1914 1913)
4(1906 1910 1926 1922)
4(1909 1925 1926 1910)
4(1921 1922 1926 1925)
4(1898 1902 1918 1914)
4(1913 1914 1918 1917)
4(1912 1928 1929 1913)
4(1909 1913 1929 1925)
4(1924 1925 1929 1928)
4(1898 1914 1915 1899)
4(1910 1911 1915 1914)
4(1921 1925 1941 1937)
4(1924 1940 1941 1925)
4(1936 1937 1941 1940)
4(1910 1926 1927 1911)
4(1922 1923 1927 1926)
4(1913 1917 1933 1929)
4(1928 1929 1933 1932)
4(1914 1915 1919 1918)
4(1913 1929 1930 1914)
4(1910 1914 1930 1926)
4(1925 1926 1930 1929)
4(1922 1926 1942 1938)
4(1925 1941 1942 1926)
4(1937 1938 1942 1941)
4(1914 1918 1934 1930)
4(1929 1930 1934 1933)
4(1928 1944 1945 1929)
4(1925 1929 1945 1941)
4(1940 1941 1945 1944)
4(1914 1930 1931 1915)
4(1926 1927 1931 1930)
4(1937 1941 1957 1953)
4(1940 1956 1957 1941)
4(1952 1953 1957 1956)
4(1926 1942 1943 1927)
4(1938 1939 1943 1942)
4(1929 1933 1949 1945)
4(1944 1945 1949 1948)
4(1930 1931 1935 1934)
4(1929 1945 1946 1930)
4(1926 1930 1946 1942)
4(1941 1942 1946 1945)
4(1938 1942 1958 1954)
4(1941 1957 1958 1942)
4(1953 1954 1958 1957)
4(1930 1934 1950 1946)
4(1945 1946 1950 1949)
4(1944 1960 1961 1945)
4(1941 1945 1961 1957)
4(1956 1957 1961 1960)
4(1930 1946 1947 1931)
4(1942 1943 1947 1946)
4(1953 1957 1973 1969)
4(1956 1972 1973 1957)
4(1968 1969 1973 1972)
4(1942 1958 1959 1943)
4(1954 1955 1959 1958)
4(1945 1949 1965 1961)
4(1960 1961 1965 1964)
4(1946 1947 1951 1950)
4(1945 1961 1962 1946)
4(1942 1946 1962 1958)
4(1957 1958 1962 1961)
4(1954 1958 1974 1970)
4(1957 1973 1974 1958)
4(1969 1970 1974 1973)
4(1946 1950 1966 1962)
4(1961 1962 1966 1965)
4(1960 1976 1977 1961)
4(1957 1961 1977 1973)
4(1972 1973 1977 1976)
4(1946 1962 1963 1947)
4(1958 1959 1963 1962)
4(1969 1973 1989 1985)
4(1972 1988 1989 1973)
4(1984 1985 1989 1988)
4(1958 1974 1975 1959)
4(1970 1971 1975 1974)
4(1961 1965 1981 1977)
4(1976 1977 1981 1980)
4(1962 1963 1967 1966)
4(1961 1977 1978 1962)
4(1958 1962 1978 1974)
4(1973 1974 1978 1977)
4(1970 1974 1990 1986)
4(1973 1989 1990 1974)
4(1985 1986 1990 1989)
4(1962 1966 1982 1978)
4(1977 1978 1982 1981)
4(1976 1992 1993 1977)
4(1973 1977 1993 1989)
4(1988 1989 1993 1992)
4(1962 1978 1979 1963)
4(1974 1975 1979 1978)
4(1985 1989 2005 2001)
4(1988 2004 2005 1989)
4(2000 2001 2005 2004)
4(1974 1990 1991 1975)
4(1986 1987 1991 1990)
4(1977 1981 1997 1993)
4(1992 1993 1997 1996)
4(1978 1979 1983 1982)
4(1977 1993 1994 1978)
4(1974 1978 1994 1990)
4(1989 1990 1994 1993)
4(1986 1990 2006 2002)
4(1989 2005 2006 1990)
4(2001 2002 2006 2005)
4(1978 1982 1998 1994)
4(1993 1994 1998 1997)
4(1992 2008 2009 1993)
4(1989 1993 2009 2005)
4(2004 2005 2009 2008)
4(1978 1994 1995 1979)
4(1990 1991 1995 1994)
4(2001 2005 2021 2017)
4(2004 2020 2021 2005)
4(2016 2017 2021 2020)
4(1990 2006 2007 1991)
4(2002 2003 2007 2006)
4(1993 1997 2013 2009)
4(2008 2009 2013 2012)
4(1994 1995 1999 1998)
4(1993 2009 2010 1994)
4(1990 1994 2010 2006)
4(2005 2006 2010 2009)
4(2002 2006 2022 2018)
4(2005 2021 2022 2006)
4(2017 2018 2022 2021)
4(1994 1998 2014 2010)
4(2009 2010 2014 2013)
4(2008 2024 2025 2009)
4(2005 2009 2025 2021)
4(2020 2021 2025 2024)
4(1994 2010 2011 1995)
4(2006 2007 2011 2010)
4(2017 2021 2037 2033)
4(2020 2036 2037 2021)
4(2032 2033 2037 2036)
4(2006 2022 2023 2007)
4(2018 2019 2023 2022)
4(2009 2013 2029 2025)
4(2024 2025 2029 2028)
4(2010 2011 2015 2014)
4(2009 2025 2026 2010)
4(2006 2010 2026 2022)
4(2021 2022 2026 2025)
4(2018 2022 2038 2034)
4(2021 2037 2038 2022)
4(2033 2034 2038 2037)
4(2010 2014 2030 2026)
4(2025 2026 2030 2029)
4(2024 2040 2041 2025)
4(2021 2025 2041 2037)
4(2036 2037 2041 2040)
4(2010 2026 2027 2011)
4(2022 2023 2027 2026)
4(2033 2037 2053 2049)
4(2036 2052 2053 2037)
4(2048 2049 2053 2052)
4(2022 2038 2039 2023)
4(2034 2035 2039 2038)
4(2025 2029 2045 2041)
4(2040 2041 2045 2044)
4(2026 2027 2031 2030)
4(2025 2041 2042 2026)
4(2022 2026 2042 2038)
4(2037 2038 2042 2041)
4(2034 2038 2054 2050)
4(2037 2053 2054 2038)
4(2049 2050 2054 2053)
4(2026 2030 2046 2042)
4(2041 2042 2046 2045)
4(2040 2056 2057 2041)
4(2037 2041 2057 2053)
4(2052 2053 2057 2056)
4(2026 2042 2043 2027)
4(2038 2039 2043 2042)
4(2049 2053 2069 2065)
4(2052 2068 2069 2053)
4(2064 2065 2069 2068)
4(2038 2054 2055 2039)
4(2050 2051 2055 2054)
4(2041 2045 2061 2057)
4(2056 2057 2061 2060)
4(2042 2043 2047 2046)
4(2041 2057 2058 2042)
4(2038 2042 2058 2054)
4(2053 2054 2058 2057)
4(2050 2054 2070 2066)
4(2053 2069 2070 2054)
4(2065 2066 2070 2069)
4(2042 2046 2062 2058)
4(2057 2058 2062 2061)
4(2056 2072 2073 2057)
4(2053 2057 2073 2069)
4(2068 2069 2073 2072)
4(2042 2058 2059 2043)
4(2054 2055 2059 2058)
4(2065 2069 2085 2081)
4(2068 2084 2085 2069)
4(2080 2081 2085 2084)
4(2054 2070 2071 2055)
4(2066 2067 2071 2070)
4(2057 2061 2077 2073)
4(2072 2073 2077 2076)
4(2058 2059 2063 2062)
4(2057 2073 2074 2058)
4(2054 2058 2074 2070)
4(2069 2070 2074 2073)
4(2066 2070 2086 2082)
4(2069 2085 2086 2070)
4(2081 2082 2086 2085)
4(2058 2062 2078 2074)
4(2073 2074 2078 2077)
4(2072 2088 2089 2073)
4(2069 2073 2089 2085)
4(2084 2085 2089 2088)
4(2058 2074 2075 2059)
4(2070 2071 2075 2074)
4(2081 2085 2101 2097)
4(2084 2100 2101 2085)
4(2096 2097 2101 2100)
4(2070 2086 2087 2071)
4(2082 2083 2087 2086)
4(2073 2077 2093 2089)
4(2088 2089 2093 2092)
4(2074 2075 2079 2078)
4(2073 2089 2090 2074)
4(2070 2074 2090 2086)
4(2085 2086 2090 2089)
4(2082 2086 2102 2098)
4(2085 2101 2102 2086)
4(2097 2098 2102 2101)
4(2074 2078 2094 2090)
4(2089 2090 2094 2093)
4(2088 2104 2105 2089)
4(2085 2089 2105 2101)
4(2100 2101 2105 2104)
4(2074 2090 2091 2075)
4(2086 2087 2091 2090)
4(2097 2101 2117 2113)
4(2100 2116 2117 2101)
4(2112 2113 2117 2116)
4(2086 2102 2103 2087)
4(2098 2099 2103 2102)
4(2089 2093 2109 2105)
4(2104 2105 2109 2108)
4(2090 2091 2095 2094)
4(2089 2105 2106 2090)
4(2086 2090 2106 2102)
4(2101 2102 2106 2105)
4(2098 2102 2118 2114)
4(2101 2117 2118 2102)
4(2113 2114 2118 2117)
4(2090 2094 2110 2106)
4(2105 2106 2110 2109)
4(2104 2120 2121 2105)
4(2101 2105 2121 2117)
4(2116 2117 2121 2120)
4(2090 2106 2107 2091)
4(2102 2103 2107 2106)
4(2113 2117 2133 2129)
4(2116 2132 2133 2117)
4(2128 2129 2133 2132)
4(2102 2118 2119 2103)
4(2114 2115 2119 2118)
4(2105 2109 2125 2121)
4(2120 2121 2125 2124)
4(2106 2107 2111 2110)
4(2105 2121 2122 2106)
4(2102 2106 2122 2118)
4(2117 2118 2122 2121)
4(2114 2118 2134 2130)
4(2117 2133 2134 2118)
4(2129 2130 2134 2133)
4(2106 2110 2126 2122)
4(2121 2122 2126 2125)
4(2120 2136 2137 2121)
4(2117 2121 2137 2133)
4(2132 2133 2137 2136)
4(2106 2122 2123 2107)
4(2118 2119 2123 2122)
4(2129 2133 2149 2145)
4(2132 2148 2149 2133)
4(2144 2145 2149 2148)
4(2118 2134 2135 2119)
4(2130 2131 2135 2134)
4(2121 2125 2141 2137)
4(2136 2137 2141 2140)
4(2122 2123 2127 2126)
4(2121 2137 2138 2122)
4(2118 2122 2138 2134)
4(2133 2134 2138 2137)
4(2130 2134 2150 2146)
4(2133 2149 2150 2134)
4(2145 2146 2150 2149)
4(2122 2126 2142 2138)
4(2137 2138 2142 2141)
4(2136 2152 2153 2137)
4(2133 2137 2153 2149)
4(2148 2149 2153 2152)
4(2122 2138 2139 2123)
4(2134 2135 2139 2138)
4(2145 2149 2165 2161)
4(2148 2164 2165 2149)
4(2160 2161 2165 2164)
4(2134 2150 2151 2135)
4(2146 2147 2151 2150)
4(2137 2141 2157 2153)
4(2152 2153 2157 2156)
4(2138 2139 2143 2142)
4(2137 2153 2154 2138)
4(2134 2138 2154 2150)
4(2149 2150 2154 2153)
4(2146 2150 2166 2162)
4(2149 2165 2166 2150)
4(2161 2162 2166 2165)
4(2138 2142 2158 2154)
4(2153 2154 2158 2157)
4(2152 2168 2169 2153)
4(2149 2153 2169 2165)
4(2164 2165 2169 2168)
4(2138 2154 2155 2139)
4(2150 2151 2155 2154)
4(2161 2165 2181 2177)
4(2164 2180 2181 2165)
4(2176 2177 2181 2180)
4(2150 2166 2167 2151)
4(2162 2163 2167 2166)
4(2153 2157 2173 2169)
4(2168 2169 2173 2172)
4(2154 2155 2159 2158)
4(2153 2169 2170 2154)
4(2150 2154 2170 2166)
4(2165 2166 2170 2169)
4(2162 2166 2182 2178)
4(2165 2181 2182 2166)
4(2177 2178 2182 2181)
4(2154 2158 2174 2170)
4(2169 2170 2174 2173)
4(2168 2184 2185 2169)
4(2165 2169 2185 2181)
4(2180 2181 2185 2184)
4(2154 2170 2171 2155)
4(2166 2167 2171 2170)
4(2177 2181 2197 2193)
4(2180 2196 2197 2181)
4(2192 2193 2197 2196)
4(2166 2182 2183 2167)
4(2178 2179 2183 2182)
4(2169 2173 2189 2185)
4(2184 2185 2189 2188)
4(2170 2171 2175 2174)
4(2169 2185 2186 2170)
4(2166 2170 2186 2182)
4(2181 2182 2186 2185)
4(2178 2182 2198 2194)
4(2181 2197 2198 2182)
4(2193 2194 2198 2197)
4(2170 2174 2190 2186)
4(2185 2186 2190 2189)
4(2184 2200 2201 2185)
4(2181 2185 2201 2197)
4(2196 2197 2201 2200)
4(2170 2186 2187 2171)
4(2182 2183 2187 2186)
4(2193 2197 2213 2209)
4(2196 2212 2213 2197)
4(2208 2209 2213 2212)
4(2182 2198 2199 2183)
4(2194 2195 2199 2198)
4(2185 2189 2205 2201)
4(2200 2201 2205 2204)
4(2186 2187 2191 2190)
4(2185 2201 2202 2186)
4(2182 2186 2202 2198)
4(2197 2198 2202 2201)
4(2194 2198 2214 2210)
4(2197 2213 2214 2198)
4(2209 2210 2214 2213)
4(2186 2190 2206 2202)
4(2201 2202 2206 2205)
4(2200 2216 2217 2201)
4(2197 2201 2217 2213)
4(2212 2213 2217 2216)
4(2186 2202 2203 2187)
4(2198 2199 2203 2202)
4(2209 2213 2229 2225)
4(2212 2228 2229 2213)
4(2224 2225 2229 2228)
4(2198 2214 2215 2199)
4(2210 2211 2215 2214)
4(2201 2205 2221 2217)
4(2216 2217 2221 2220)
4(2202 2203 2207 2206)
4(2201 2217 2218 2202)
4(2198 2202 2218 2214)
4(2213 2214 2218 2217)
4(2210 2214 2230 2226)
4(2213 2229 2230 2214)
4(2225 2226 2230 2229)
4(2202 2206 2222 2218)
4(2217 2218 2222 2221)
4(2216 2232 2233 2217)
4(2213 2217 2233 2229)
4(2228 2229 2233 2232)
4(2202 2218 2219 2203)
4(2214 2215 2219 2218)
4(2225 2229 2245 2241)
4(2228 2244 2245 2229)
4(2240 2241 2245 2244)
4(2214 2230 2231 2215)
4(2226 2227 2231 2230)
4(2217 2221 2237 2233)
4(2232 2233 2237 2236)
4(2218 2219 2223 2222)
4(2217 2233 2234 2218)
4(2214 2218 2234 2230)
4(2229 2230 2234 2233)
4(2226 2230 2246 2242)
4(2229 2245 2246 2230)
4(2241 2242 2246 2245)
4(2218 2222 2238 2234)
4(2233 2234 2238 2237)
4(2232 2248 2249 2233)
4(2229 2233 2249 2245)
4(2244 2245 2249 2248)
4(2218 2234 2235 2219)
4(2230 2231 2235 2234)
4(2241 2245 2261 2257)
4(2244 2260 2261 2245)
4(2256 2257 2261 2260)
4(2230 2246 2247 2231)
4(2242 2243 2247 2246)
4(2233 2237 2253 2249)
4(2248 2249 2253 2252)
4(2234 2235 2239 2238)
4(2233 2249 2250 2234)
4(2230 2234 2250 2246)
4(2245 2246 2250 2249)
4(2242 2246 2262 2258)
4(2245 2261 2262 2246)
4(2257 2258 2262 2261)
4(2234 2238 2254 2250)
4(2249 2250 2254 2253)
4(2248 2264 2265 2249)
4(2245 2249 2265 2261)
4(2260 2261 2265 2264)
4(2234 2250 2251 2235)
4(2246 2247 2251 2250)
4(2257 2261 2277 2273)
4(2260 2276 2277 2261)
4(2272 2273 2277 2276)
4(2246 2262 2263 2247)
4(2258 2259 2263 2262)
4(2249 2253 2269 2265)
4(2264 2265 2269 2268)
4(2250 2251 2255 2254)
4(2249 2265 2266 2250)
4(2246 2250 2266 2262)
4(2261 2262 2266 2265)
4(2258 2262 2278 2274)
4(2261 2277 2278 2262)
4(2273 2274 2278 2277)
4(2250 2254 2270 2266)
4(2265 2266 2270 2269)
4(2264 2280 2281 2265)
4(2261 2265 2281 2277)
4(2276 2277 2281 2280)
4(2250 2266 2267 2251)
4(2262 2263 2267 2266)
4(2273 2277 2293 2289)
4(2276 2292 2293 2277)
4(2288 2289 2293 2292)
4(2262 2278 2279 2263)
4(2274 2275 2279 2278)
4(2265 2269 2285 2281)
4(2280 2281 2285 2284)
4(2266 2267 2271 2270)
4(2265 2281 2282 2266)
4(2262 2266 2282 2278)
4(2277 2278 2282 2281)
4(2274 2278 2294 2290)
4(2277 2293 2294 2278)
4(2289 2290 2294 2293)
4(2266 2270 2286 2282)
4(2281 2282 2286 2285)
4(2280 2296 2297 2281)
4(2277 2281 2297 2293)
4(2292 2293 2297 2296)
4(2266 2282 2283 2267)
4(2278 2279 2283 2282)
4(2289 2293 2309 2305)
4(2292 2308 2309 2293)
4(2304 2305 2309 2308)
4(2278 2294 2295 2279)
4(2290 2291 2295 2294)
4(2281 2285 2301 2297)
4(2296 2297 2301 2300)
4(2282 2283 2287 2286)
4(2281 2297 2298 2282)
4(2278 2282 2298 2294)
4(2293 2294 2298 2297)
4(2290 2294 2310 2306)
4(2293 2309 2310 2294)
4(2305 2306 2310 2309)
4(2282 2286 2302 2298)
4(2297 2298 2302 2301)
4(2296 2312 2313 2297)
4(2293 2297 2313 2309)
4(2308 2309 2313 2312)
4(2282 2298 2299 2283)
4(2294 2295 2299 2298)
4(2305 2309 2325 2321)
4(2308 2324 2325 2309)
4(2320 2321 2325 2324)
4(2294 2310 2311 2295)
4(2306 2307 2311 2310)
4(2297 2301 2317 2313)
4(2312 2313 2317 2316)
4(2298 2299 2303 2302)
4(2297 2313 2314 2298)
4(2294 2298 2314 2310)
4(2309 2310 2314 2313)
4(2306 2310 2326 2322)
4(2309 2325 2326 2310)
4(2321 2322 2326 2325)
4(2298 2302 2318 2314)
4(2313 2314 2318 2317)
4(2312 2328 2329 2313)
4(2309 2313 2329 2325)
4(2324 2325 2329 2328)
4(2298 2314 2315 2299)
4(2310 2311 2315 2314)
4(2321 2325 2341 2337)
4(2324 2340 2341 2325)
4(2336 2337 2341 2340)
4(2310 2326 2327 2311)
4(2322 2323 2327 2326)
4(2313 2317 2333 2329)
4(2328 2329 2333 2332)
4(2314 2315 2319 2318)
4(2313 2329 2330 2314)
4(2310 2314 2330 2326)
4(2325 2326 2330 2329)
4(2322 2326 2342 2338)
4(2325 2341 2342 2326)
4(2337 2338 2342 2341)
4(2314 2318 2334 2330)
4(2329 2330 2334 2333)
4(2328 2344 2345 2329)
4(2325 2329 2345 2341)
4(2340 2341 2345 2344)
4(2314 2330 2331 2315)
4(2326 2327 2331 2330)
4(2337 2341 2357 2353)
4(2340 2356 2357 2341)
4(2352 2353 2357 2356)
4(2326 2342 2343 2327)
4(2338 2339 2343 2342)
4(2329 2333 2349 2345)
4(2344 2345 2349 2348)
4(2330 2331 2335 2334)
4(2329 2345 2346 2330)
4(2326 2330 2346 2342)
4(2341 2342 2346 2345)
4(2338 2342 2358 2354)
4(2341 2357 2358 2342)
4(2353 2354 2358 2357)
4(2330 2334 2350 2346)
4(2345 2346 2350 2349)
4(2344 2360 2361 2345)
4(2341 2345 2361 2357)
4(2356 2357 2361 2360)
4(2330 2346 2347 2331)
4(2342 2343 2347 2346)
4(2353 2357 2373 2369)
4(2356 2372 2373 2357)
4(2368 2369 2373 2372)
4(2342 2358 2359 2343)
4(2354 2355 2359 2358)
4(2345 2349 2365 2361)
4(2360 2361 2365 2364)
4(2346 2347 2351 2350)
4(2345 2361 2362 2346)
4(2342 2346 2362 2358)
4(2357 2358 2362 2361)
4(2354 2358 2374 2370)
4(2357 2373 2374 2358)
4(2369 2370 2374 2373)
4(2346 2350 2366 2362)
4(2361 2362 2366 2365)
4(2360 2376 2377 2361)
4(2357 2361 2377 2373)
4(2372 2373 2377 2376)
4(2346 2362 2363 2347)
4(2358 2359 2363 2362)
4(2369 2373 2389 2385)
4(2372 2388 2389 2373)
4(2384 2385 2389 2388)
4(2358 2374 2375 2359)
4(2370 2371 2375 2374)
4(2361 2365 2381 2377)
4(2376 2377 2381 2380)
4(2362 2363 2367 2366)
4(2361 2377 2378 2362)
4(2358 2362 2378 2374)
4(2373 2374 2378 2377)
4(2370 2374 2390 2386)
4(2373 2389 2390 2374)
4(2385 2386 2390 2389)
4(2362 2366 2382 2378)
4(2377 2378 2382 2381)
4(2376 2392 2393 2377)
4(2373 2377 2393 2389)
4(2388 2389 2393 2392)
4(2362 2378 2379 2363)
4(2374 2375 2379 2378)
4(2385 2389 2405 2401)
4(2388 2404 2405 2389)
4(2400 2401 2405 2404)
4(2374 2390 2391 2375)
4(2386 2387 2391 2390)
4(2377 2381 2397 2393)
4(2392 2393 2397 2396)
4(2378 2379 2383 2382)
4(2377 2393 2394 2378)
4(2374 2378 2394 2390)
4(2389 2390 2394 2393)
4(2386 2390 2406 2402)
4(2389 2405 2406 2390)
4(2401 2402 2406 2405)
4(2378 2382 2398 2394)
4(2393 2394 2398 2397)
4(2392 2408 2409 2393)
4(2389 2393 2409 2405)
4(2404 2405 2409 2408)
4(2378 2394 2395 2379)
4(2390 2391 2395 2394)
4(2401 2405 2421 2417)
4(2404 2420 2421 2405)
4(2416 2417 2421 2420)
4(2390 2406 2407 2391)
4(2402 2403 2407 2406)
4(2393 2397 2413 2409)
4(2408 2409 2413 2412)
4(2394 2395 2399 2398)
4(2393 2409 2410 2394)
4(2390 2394 2410 2406)
4(2405 2406 2410 2409)
4(2402 2406 2422 2418)
4(2405 2421 2422 2406)
4(2417 2418 2422 2421)
4(2394 2398 2414 2410)
4(2409 2410 2414 2413)
4(2408 2424 2425 2409)
4(2405 2409 2425 2421)
4(2420 2421 2425 2424)
4(2394 2410 2411 2395)
4(2406 2407 2411 2410)
4(2417 2421 2437 2433)
4(2420 2436 2437 2421)
4(2432 2433 2437 2436)
4(2406 2422 2423 2407)
4(2418 2419 2423 2422)
4(2409 2413 2429 2425)
4(2424 2425 2429 2428)
4(2410 2411 2415 2414)
4(2409 2425 2426 2410)
4(2406 2410 2426 2422)
4(2421 2422 2426 2425)
4(2418 2422 2438 2434)
4(2421 2437 2438 2422)
4(2433 2434 2438 2437)
4(2410 2414 2430 2426)
4(2425 2426 2430 2429)
4(2424 2440 2441 2425)
4(2421 2425 2441 2437)
4(2436 2437 2441 2440)
4(2410 2426 2427 2411)
4(2422 2423 2427 2426)
4(2433 2437 2453 2449)
4(2436 2452 2453 2437)
4(2448 2449 2453 2452)
4(2422 2438 2439 2423)
4(2434 2435 2439 2438)
4(2425 2429 2445 2441)
4(2440 2441 2445 2444)
4(2426 2427 2431 2430)
4(2425 2441 2442 2426)
4(2422 2426 2442 2438)
4(2437 2438 2442 2441)
4(2434 2438 2454 2450)
4(2437 2453 2454 2438)
4(2449 2450 2454 2453)
4(2426 2430 2446 2442)
4(2441 2442 2446 2445)
4(2440 2456 2457 2441)
4(2437 2441 2457 2453)
4(2452 2453 2457 2456)
4(2426 2442 2443 2427)
4(2438 2439 2443 2442)
4(2449 2453 2469 2465)
4(2452 2468 2469 2453)
4(2464 2465 2469 2468)
4(2438 2454 2455 2439)
4(2450 2451 2455 2454)
4(2441 2445 2461 2457)
4(2456 2457 2461 2460)
4(2442 2443 2447 2446)
4(2441 2457 2458 2442)
4(2438 2442 2458 2454)
4(2453 2454 2458 2457)
4(2450 2454 2470 2466)
4(2453 2469 2470 2454)
4(2465 2466 2470 2469)
4(2442 2446 2462 2458)
4(2457 2458 2462 2461)
4(2456 2472 2473 2457)
4(2453 2457 2473 2469)
4(2468 2469 2473 2472)
4(2442 2458 2459 2443)
4(2454 2455 2459 2458)
4(2465 2469 2485 2481)
4(2468 2484 2485 2469)
4(2480 2481 2485 2484)
4(2454 2470 2471 2455)
4(2466 2467 2471 2470)
4(2457 2461 2477 2473)
4(2472 2473 2477 2476)
4(2458 2459 2463 2462)
4(2457 2473 2474 2458)
4(2454 2458 2474 2470)
4(2469 2470 2474 2473)
4(2466 2470 2486 2482)
4(2469 2485 2486 2470)
4(2481 2482 2486 2485)
4(2458 2462 2478 2474)
4(2473 2474 2478 2477)
4(2472 2488 2489 2473)
4(2469 2473 2489 2485)
4(2484 2485 2489 2488)
4(2458 2474 2475 2459)
4(2470 2471 2475 2474)
4(2481 2485 2501 2497)
4(2484 2500 2501 2485)
4(2496 2497 2501 2500)
4(2470 2486 2487 2471)
4(2482 2483 2487 2486)
4(2473 2477 2493 2489)
4(2488 2489 2493 2492)
4(2474 2475 2479 2478)
4(2473 2489 2490 2474)
4(2470 2474 2490 2486)
4(2485 2486 2490 2489)
4(2482 2486 2502 2498)
4(2485 2501 2502 2486)
4(2497 2498 2502 2501)
4(2474 2478 2494 2490)
4(2489 2490 2494 2493)
4(2488 2504 2505 2489)
4(2485 2489 2505 2501)
4(2500 2501 2505 2504)
4(2474 2490 2491 2475)
4(2486 2487 2491 2490)
4(2497 2501 2517 2513)
4(2500 2516 2517 2501)
4(2512 2513 2517 2516)
4(2486 2502 2503 2487)
4(2498 2499 2503 2502)
4(2489 2493 2509 2505)
4(2504 2505 2509 2508)
4(2490 2491 2495 2494)
4(2489 2505 2506 2490)
4(2486 2490 2506 2502)
4(2501 2502 2506 2505)
4(2498 2502 2518 2514)
4(2501 2517 2518 2502)
4(2513 2514 2518 2517)
4(2490 2494 2510 2506)
4(2505 2506 2510 2509)
4(2504 2520 2521 2505)
4(2501 2505 2521 2517)
4(2516 2517 2521 2520)
4(2490 2506 2507 2491)
4(2502 2503 2507 2506)
4(2513 2517 2533 2529)
4(2516 2532 2533 2517)
4(2528 2529 2533 2532)
4(2502 2518 2519 2503)
4(2514 2515 2519 2518)
4(2505 2509 2525 2521)
4(2520 2521 2525 2524)
4(2506 2507 2511 2510)
4(2505 2521 2522 2506)
4(2502 2506 2522 2518)
4(2517 2518 2522 2521)
4(2514 2518 2534 2530)
4(2517 2533 2534 2518)
4(2529 2530 2534 2533)
4(2506 2510 2526 2522)
4(2521 2522 2526 2525)
4(2520 2536 2537 2521)
4(2517 2521 2537 2533)
4(2532 2533 2537 2536)
4(2506 2522 2523 2507)
4(2518 2519 2523 2522)
4(2529 2533 2549 2545)
4(2532 2548 2549 2533)
4(2544 2545 2549 2548)
4(2518 2534 2535 2519)
4(2530 2531 2535 2534)
4(2521 2525 2541 2537)
4(2536 2537 2541 2540)
4(2522 2523 2527 2526)
4(2521 2537 2538 2522)
4(2518 2522 2538 2534)
4(2533 2534 2538 2537)
4(2530 2534 2550 2546)
4(2533 2549 2550 2534)
4(2545 2546 2550 2549)
4(2522 2526 2542 2538)
4(2537 2538 2542 2541)
4(2536 2552 2553 2537)
4(2533 2537 2553 2549)
4(2548 2549 2553 2552)
4(2522 2538 2539 2523)
4(2534 2535 2539 2538)
4(2545 2549 2565 2561)
4(2548 2564 2565 2549)
4(2534 2550 2551 2535)
4(2546 2547 2551 2550)
4(2537 2541 2557 2553)
4(2552 2553 2557 2556)
4(2538 2539 2543 2542)
4(2537 2553 2554 2538)
4(2534 2538 2554 2550)
4(2549 2550 2554 2553)
4(2546 2550 2566 2562)
4(2549 2565 2566 2550)
4(2538 2542 2558 2554)
4(2553 2554 2558 2557)
4(2552 2568 2569 2553)
4(2549 2553 2569 2565)
4(2538 2554 2555 2539)
4(2550 2551 2555 2554)
4(2550 2566 2567 2551)
4(2553 2557 2573 2569)
4(2554 2555 2559 2558)
4(2553 2569 2570 2554)
4(2550 2554 2570 2566)
4(2554 2558 2574 2570)
4(2554 2570 2571 2555)
4(2560 2561 2565 2564)
4(2564 2565 2569 2568)
4(2568 2569 2573 2572)
4(2561 2562 2566 2565)
4(2565 2566 2570 2569)
4(2569 2570 2574 2573)
4(2562 2563 2567 2566)
4(2566 2567 2571 2570)
4(2570 2571 2575 2574)
4(0 4 5 1)
4(4 8 9 5)
4(8 12 13 9)
4(1 5 6 2)
4(5 9 10 6)
4(9 13 14 10)
4(2 6 7 3)
4(6 10 11 7)
4(10 14 15 11)
4(0 16 20 4)
4(4 20 24 8)
4(8 24 28 12)
4(16 32 36 20)
4(20 36 40 24)
4(24 40 44 28)
4(32 48 52 36)
4(36 52 56 40)
4(40 56 60 44)
4(48 64 68 52)
4(52 68 72 56)
4(56 72 76 60)
4(64 80 84 68)
4(68 84 88 72)
4(72 88 92 76)
4(80 96 100 84)
4(84 100 104 88)
4(88 104 108 92)
4(96 112 116 100)
4(100 116 120 104)
4(104 120 124 108)
4(112 128 132 116)
4(116 132 136 120)
4(120 136 140 124)
4(128 144 148 132)
4(132 148 152 136)
4(136 152 156 140)
4(144 160 164 148)
4(148 164 168 152)
4(152 168 172 156)
4(160 176 180 164)
4(164 180 184 168)
4(168 184 188 172)
4(176 192 196 180)
4(180 196 200 184)
4(184 200 204 188)
4(192 208 212 196)
4(196 212 216 200)
4(200 216 220 204)
4(208 224 228 212)
4(212 228 232 216)
4(216 232 236 220)
4(224 240 244 228)
4(228 244 248 232)
4(232 248 252 236)
4(240 256 260 244)
4(244 260 264 248)
4(248 264 268 252)
4(256 272 276 260)
4(260 276 280 264)
4(264 280 284 268)
4(272 288 292 276)
4(276 292 296 280)
4(280 296 300 284)
4(288 304 308 292)
4(292 308 312 296)
4(296 312 316 300)
4(304 320 324 308)
4(308 324 328 312)
4(312 328 332 316)
4(320 336 340 324)
4(324 340 344 328)
4(328 344 348 332)
4(336 352 356 340)
4(340 356 360 344)
4(344 360 364 348)
4(352 368 372 356)
4(356 372 376 360)
4(360 376 380 364)
4(368 384 388 372)
4(372 388 392 376)
4(376 392 396 380)
4(384 400 404 388)
4(388 404 408 392)
4(392 408 412 396)
4(400 416 420 404)
4(404 420 424 408)
4(408 424 428 412)
4(416 432 436 420)
4(420 436 440 424)
4(424 440 444 428)
4(432 448 452 436)
4(436 452 456 440)
4(440 456 460 444)
4(448 464 468 452)
4(452 468 472 456)
4(456 472 476 460)
4(464 480 484 468)
4(468 484 488 472)
4(472 488 492 476)
4(480 496 500 484)
4(484 500 504 488)
4(488 504 508 492)
4(496 512 516 500)
4(500 516 520 504)
4(504 520 524 508)
4(512 528 532 516)
4(516 532 536 520)
4(520 536 540 524)
4(528 544 548 532)
4(532 548 552 536)
4(536 552 556 540)
4(544 560 564 548)
4(548 564 568 552)
4(552 568 572 556)
4(560 576 580 564)
4(564 580 584 568)
4(568 584 588 572)
4(576 592 596 580)
4(580 596 600 584)
4(584 600 604 588)
4(592 608 612 596)
4(596 612 616 600)
4(600 616 620 604)
4(608 624 628 612)
4(612 628 632 616)
4(616 632 636 620)
4(624 640 644 628)
4(628 644 648 632)
4(632 648 652 636)
4(640 656 660 644)
4(644 660 664 648)
4(648 664 668 652)
4(656 672 676 660)
4(660 676 680 664)
4(664 680 684 668)
4(672 688 692 676)
4(676 692 696 680)
4(680 696 700 684)
4(688 704 708 692)
4(692 708 712 696)
4(696 712 716 700)
4(704 720 724 708)
4(708 724 728 712)
4(712 728 732 716)
4(720 736 740 724)
4(724 740 744 728)
4(728 744 748 732)
4(736 752 756 740)
4(740 756 760 744)
4(744 760 764 748)
4(752 768 772 756)
4(756 772 776 760)
4(760 776 780 764)
4(768 784 788 772)
4(772 788 792 776)
4(776 792 796 780)
4(784 800 804 788)
4(788 804 808 792)
4(792 808 812 796)
4(800 816 820 804)
4(804 820 824 808)
4(808 824 828 812)
4(816 832 836 820)
4(820 836 840 824)
4(824 840 844 828)
4(832 848 852 836)
4(836 852 856 840)
4(840 856 860 844)
4(848 864 868 852)
4(852 868 872 856)
4(856 872 876 860)
4(864 880 884 868)
4(868 884 888 872)
4(872 888 892 876)
4(880 896 900 884)
4(884 900 904 888)
4(888 904 908 892)
4(896 912 916 900)
4(900 916 920 904)
4(904 920 924 908)
4(912 928 932 916)
4(916 932 936 920)
4(920 936 940 924)
4(928 944 948 932)
4(932 948 952 936)
4(936 952 956 940)
4(944 960 964 948)
4(948 964 968 952)
4(952 968 972 956)
4(960 976 980 964)
4(964 980 984 968)
4(968 984 988 972)
4(976 992 996 980)
4(980 996 1000 984)
4(984 1000 1004 988)
4(992 1008 1012 996)
4(996 1012 1016 1000)
4(1000 1016 1020 1004)
4(1008 1024 1028 1012)
4(1012 1028 1032 1016)
4(1016 1032 1036 1020)
4(1024 1040 1044 1028)
4(1028 1044 1048 1032)
4(1032 1048 1052 1036)
4(1040 1056 1060 1044)
4(1044 1060 1064 1048)
4(1048 1064 1068 1052)
4(1056 1072 1076 1060)
4(1060 1076 1080 1064)
4(1064 1080 1084 1068)
4(1072 1088 1092 1076)
4(1076 1092 1096 1080)
4(1080 1096 1100 1084)
4(1088 1104 1108 1092)
4(1092 1108 1112 1096)
4(1096 1112 1116 1100)
4(1104 1120 1124 1108)
4(1108 1124 1128 1112)
4(1112 1128 1132 1116)
4(1120 1136 1140 1124)
4(1124 1140 1144 1128)
4(1128 1144 1148 1132)
4(1136 1152 1156 1140)
4(1140 1156 1160 1144)
4(1144 1160 1164 1148)
4(1152 1168 1172 1156)
4(1156 1172 1176 1160)
4(1160 1176 1180 1164)
4(1168 1184 1188 1172)
4(1172 1188 1192 1176)
4(1176 1192 1196 1180)
4(1184 1200 1204 1188)
4(1188 1204 1208 1192)
4(1192 1208 1212 1196)
4(1200 1216 1220 1204)
4(1204 1220 1224 1208)
4(1208 1224 1228 1212)
4(1216 1232 1236 1220)
4(1220 1236 1240 1224)
4(1224 1240 1244 1228)
4(1232 1248 1252 1236)
4(1236 1252 1256 1240)
4(1240 1256 1260 1244)
4(1248 1264 1268 1252)
4(1252 1268 1272 1256)
4(1256 1272 1276 1260)
4(1264 1280 1284 1268)
4(1268 1284 1288 1272)
4(1272 1288 1292 1276)
4(1280 1296 1300 1284)
4(1284 1300 1304 1288)
4(1288 1304 1308 1292)
4(1296 1312 1316 1300)
4(1300 1316 1320 1304)
4(1304 1320 1324 1308)
4(1312 1328 1332 1316)
4(1316 1332 1336 1320)
4(1320 1336 1340 1324)
4(1328 1344 1348 1332)
4(1332 1348 1352 1336)
4(1336 1352 1356 1340)
4(1344 1360 1364 1348)
4(1348 1364 1368 1352)
4(1352 1368 1372 1356)
4(1360 1376 1380 1364)
4(1364 1380 1384 1368)
4(1368 1384 1388 1372)
4(1376 1392 1396 1380)
4(1380 1396 1400 1384)
4(1384 1400 1404 1388)
4(1392 1408 1412 1396)
4(1396 1412 1416 1400)
4(1400 1416 1420 1404)
4(1408 1424 1428 1412)
4(1412 1428 1432 1416)
4(1416 1432 1436 1420)
4(1424 1440 1444 1428)
4(1428 1444 1448 1432)
4(1432 1448 1452 1436)
4(1440 1456 1460 1444)
4(1444 1460 1464 1448)
4(1448 1464 1468 1452)
4(1456 1472 1476 1460)
4(1460 1476 1480 1464)
4(1464 1480 1484 1468)
4(1472 1488 1492 1476)
4(1476 1492 1496 1480)
4(1480 1496 1500 1484)
4(1488 1504 1508 1492)
4(1492 1508 1512 1496)
4(1496 1512 1516 1500)
4(1504 1520 1524 1508)
4(1508 1524 1528 1512)
4(1512 1528 1532 1516)
4(1520 1536 1540 1524)
4(1524 1540 1544 1528)
4(1528 1544 1548 1532)
4(1536 1552 1556 1540)
4(1540 1556 1560 1544)
4(1544 1560 1564 1548)
4(1552 1568 1572 1556)
4(1556 1572 1576 1560)
4(1560 1576 1580 1564)
4(1568 1584 1588 1572)
4(1572 1588 1592 1576)
4(1576 1592 1596 1580)
4(1584 1600 1604 1588)
4(1588 1604 1608 1592)
4(1592 1608 1612 1596)
4(1600 1616 1620 1604)
4(1604 1620 1624 1608)
4(1608 1624 1628 1612)
4(1616 1632 1636 1620)
4(1620 1636 1640 1624)
4(1624 1640 1644 1628)
4(1632 1648 1652 1636)
4(1636 1652 1656 1640)
4(1640 1656 1660 1644)
4(1648 1664 1668 1652)
4(1652 1668 1672 1656)
4(1656 1672 1676 1660)
4(1664 1680 1684 1668)
4(1668 1684 1688 1672)
4(1672 1688 1692 1676)
4(1680 1696 1700 1684)
4(1684 1700 1704 1688)
4(1688 1704 1708 1692)
4(1696 1712 1716 1700)
4(1700 1716 1720 1704)
4(1704 1720 1724 1708)
4(1712 1728 1732 1716)
4(1716 1732 1736 1720)
4(1720 1736 1740 1724)
4(1728 1744 1748 1732)
4(1732 1748 1752 1736)
4(1736 1752 1756 1740)
4(1744 1760 1764 1748)
4(1748 1764 1768 1752)
4(1752 1768 1772 1756)
4(1760 1776 1780 1764)
4(1764 1780 1784 1768)
4(1768 1784 1788 1772)
4(1776 1792 1796 1780)
4(1780 1796 1800 1784)
4(1784 1800 1804 1788)
4(1792 1808 1812 1796)
4(1796 1812 1816 1800)
4(1800 1816 1820 1804)
4(1808 1824 1828 1812)
4(1812 1828 1832 1816)
4(1816 1832 1836 1820)
4(1824 1840 1844 1828)
4(1828 1844 1848 1832)
4(1832 1848 1852 1836)
4(1840 1856 1860 1844)
4(1844 1860 1864 1848)
4(1848 1864 1868 1852)
4(1856 1872 1876 1860)
4(1860 1876 1880 1864)
4(1864 1880 1884 1868)
4(1872 1888 1892 1876)
4(1876 1892 1896 1880)
4(1880 1896 1900 1884)
4(1888 1904 1908 1892)
4(1892 1908 1912 1896)
4(1896 1912 1916 1900)
4(1904 1920 1924 1908)
4(1908 1924 1928 1912)
4(1912 1928 1932 1916)
4(1920 1936 1940 1924)
4(1924 1940 1944 1928)
4(1928 1944 1948 1932)
4(1936 1952 1956 1940)
4(1940 1956 1960 1944)
4(1944 1960 1964 1948)
4(1952 1968 1972 1956)
4(1956 1972 1976 1960)
4(1960 1976 1980 1964)
4(1968 1984 1988 1972)
4(1972 1988 1992 1976)
4(1976 1992 1996 1980)
4(1984 2000 2004 1988)
4(1988 2004 2008 1992)
4(1992 2008 2012 1996)
4(2000 2016 2020 2004)
4(2004 2020 2024 2008)
4(2008 2024 2028 2012)
4(2016 2032 2036 2020)
4(2020 2036 2040 2024)
4(2024 2040 2044 2028)
4(2032 2048 2052 2036)
4(2036 2052 2056 2040)
4(2040 2056 2060 2044)
4(2048 2064 2068 2052)
4(2052 2068 2072 2056)
4(2056 2072 2076 2060)
4(2064 2080 2084 2068)
4(2068 2084 2088 2072)
4(2072 2088 2092 2076)
4(2080 2096 2100 2084)
4(2084 2100 2104 2088)
4(2088 2104 2108 2092)
4(2096 2112 2116 2100)
4(2100 2116 2120 2104)
4(2104 2120 2124 2108)
4(2112 2128 2132 2116)
4(2116 2132 2136 2120)
4(2120 2136 2140 2124)
4(2128 2144 2148 2132)
4(2132 2148 2152 2136)
4(2136 2152 2156 2140)
4(2144 2160 2164 2148)
4(2148 2164 2168 2152)
4(2152 2168 2172 2156)
4(2160 2176 2180 2164)
4(2164 2180 2184 2168)
4(2168 2184 2188 2172)
4(2176 2192 2196 2180)
4(2180 2196 2200 2184)
4(2184 2200 2204 2188)
4(2192 2208 2212 2196)
4(2196 2212 2216 2200)
4(2200 2216 2220 2204)
4(2208 2224 2228 2212)
4(2212 2228 2232 2216)
4(2216 2232 2236 2220)
4(2224 2240 2244 2228)
4(2228 2244 2248 2232)
4(2232 2248 2252 2236)
4(2240 2256 2260 2244)
4(2244 2260 2264 2248)
4(2248 2264 2268 2252)
4(2256 2272 2276 2260)
4(2260 2276 2280 2264)
4(2264 2280 2284 2268)
4(2272 2288 2292 2276)
4(2276 2292 2296 2280)
4(2280 2296 2300 2284)
4(2288 2304 2308 2292)
4(2292 2308 2312 2296)
4(2296 2312 2316 2300)
4(2304 2320 2324 2308)
4(2308 2324 2328 2312)
4(2312 2328 2332 2316)
4(2320 2336 2340 2324)
4(2324 2340 2344 2328)
4(2328 2344 2348 2332)
4(2336 2352 2356 2340)
4(2340 2356 2360 2344)
4(2344 2360 2364 2348)
4(2352 2368 2372 2356)
4(2356 2372 2376 2360)
4(2360 2376 2380 2364)
4(2368 2384 2388 2372)
4(2372 2388 2392 2376)
4(2376 2392 2396 2380)
4(2384 2400 2404 2388)
4(2388 2404 2408 2392)
4(2392 2408 2412 2396)
4(2400 2416 2420 2404)
4(2404 2420 2424 2408)
4(2408 2424 2428 2412)
4(2416 2432 2436 2420)
4(2420 2436 2440 2424)
4(2424 2440 2444 2428)
4(2432 2448 2452 2436)
4(2436 2452 2456 2440)
4(2440 2456 2460 2444)
4(2448 2464 2468 2452)
4(2452 2468 2472 2456)
4(2456 2472 2476 2460)
4(2464 2480 2484 2468)
4(2468 2484 2488 2472)
4(2472 2488 2492 2476)
4(2480 2496 2500 2484)
4(2484 2500 2504 2488)
4(2488 2504 2508 2492)
4(2496 2512 2516 2500)
4(2500 2516 2520 2504)
4(2504 2520 2524 2508)
4(2512 2528 2532 2516)
4(2516 2532 2536 2520)
4(2520 2536 2540 2524)
4(2528 2544 2548 2532)
4(2532 2548 2552 2536)
4(2536 2552 2556 2540)
4(2544 2560 2564 2548)
4(2548 2564 2568 2552)
4(2552 2568 2572 2556)
4(3 7 23 19)
4(7 11 27 23)
4(11 15 31 27)
4(19 23 39 35)
4(23 27 43 39)
4(27 31 47 43)
4(35 39 55 51)
4(39 43 59 55)
4(43 47 63 59)
4(51 55 71 67)
4(55 59 75 71)
4(59 63 79 75)
4(67 71 87 83)
4(71 75 91 87)
4(75 79 95 91)
4(83 87 103 99)
4(87 91 107 103)
4(91 95 111 107)
4(99 103 119 115)
4(103 107 123 119)
4(107 111 127 123)
4(115 119 135 131)
4(119 123 139 135)
4(123 127 143 139)
4(131 135 151 147)
4(135 139 155 151)
4(139 143 159 155)
4(147 151 167 163)
4(151 155 171 167)
4(155 159 175 171)
4(163 167 183 179)
4(167 171 187 183)
4(171 175 191 187)
4(179 183 199 195)
4(183 187 203 199)
4(187 191 207 203)
4(195 199 215 211)
4(199 203 219 215)
4(203 207 223 219)
4(211 215 231 227)
4(215 219 235 231)
4(219 223 239 235)
4(227 231 247 243)
4(231 235 251 247)
4(235 239 255 251)
4(243 247 263 259)
4(247 251 267 263)
4(251 255 271 267)
4(259 263 279 275)
4(263 267 283 279)
4(267 271 287 283)
4(275 279 295 291)
4(279 283 299 295)
4(283 287 303 299)
4(291 295 311 307)
4(295 299 315 311)
4(299 303 319 315)
4(307 311 327 323)
4(311 315 331 327)
4(315 319 335 331)
4(323 327 343 339)
4(327 331 347 343)
4(331 335 351 347)
4(339 343 359 355)
4(343 347 363 359)
4(347 351 367 363)
4(355 359 375 371)
4(359 363 379 375)
4(363 367 383 379)
4(371 375 391 387)
4(375 379 395 391)
4(379 383 399 395)
4(387 391 407 403)
4(391 395 411 407)
4(395 399 415 411)
4(403 407 423 419)
4(407 411 427 423)
4(411 415 431 427)
4(419 423 439 435)
4(423 427 443 439)
4(427 431 447 443)
4(435 439 455 451)
4(439 443 459 455)
4(443 447 463 459)
4(451 455 471 467)
4(455 459 475 471)
4(459 463 479 475)
4(467 471 487 483)
4(471 475 491 487)
4(475 479 495 491)
4(483 487 503 499)
4(487 491 507 503)
4(491 495 511 507)
4(499 503 519 515)
4(503 507 523 519)
4(507 511 527 523)
4(515 519 535 531)
4(519 523 539 535)
4(523 527 543 539)
4(531 535 551 547)
4(535 539 555 551)
4(539 543 559 555)
4(547 551 567 563)
4(551 555 571 567)
4(555 559 575 571)
4(563 567 583 579)
4(567 571 587 583)
4(571 575 591 587)
4(579 583 599 595)
4(583 587 603 599)
4(587 591 607 603)
4(595 599 615 611)
4(599 603 619 615)
4(603 607 623 619)
4(611 615 631 627)
4(615 619 635 631)
4(619 623 639 635)
4(627 631 647 643)
4(631 635 651 647)
4(635 639 655 651)
4(643 647 663 659)
4(647 651 667 663)
4(651 655 671 667)
4(659 663 679 675)
4(663 667 683 679)
4(667 671 687 683)
4(675 679 695 691)
4(679 683 699 695)
4(683 687 703 699)
4(691 695 711 707)
4(695 699 715 711)
4(699 703 719 715)
4(707 711 727 723)
4(711 715 731 727)
4(715 719 735 731)
4(723 727 743 739)
4(727 731 747 743)
4(731 735 751 747)
4(739 743 759 755)
4(743 747 763 759)
4(747 751 767 763)
4(755 759 775 771)
4(759 763 779 775)
4(763 767 783 779)
4(771 775 791 787)
4(775 779 795 791)
4(779 783 799 795)
4(787 791 807 803)
4(791 795 811 807)
4(795 799 815 811)
4(803 807 823 819)
4(807 811 827 823)
4(811 815 831 827)
4(819 823 839 835)
4(823 827 843 839)
4(827 831 847 843)
4(835 839 855 851)
4(839 843 859 855)
4(843 847 863 859)
4(851 855 871 867)
4(855 859 875 871)
4(859 863 879 875)
4(867 871 887 883)
4(871 875 891 887)
4(875 879 895 891)
4(883 887 903 899)
4(887 891 907 903)
4(891 895 911 907)
4(899 903 919 915)
4(903 907 923 919)
4(907 911 927 923)
4(915 919 935 931)
4(919 923 939 935)
4(923 927 943 939)
4(931 935 951 947)
4(935 939 955 951)
4(939 943 959 955)
4(947 951 967 963)
4(951 955 971 967)
4(955 959 975 971)
4(963 967 983 979)
4(967 971 987 983)
4(971 975 991 987)
4(979 983 999 995)
4(983 987 1003 999)
4(987 991 1007 1003)
4(995 999 1015 1011)
4(999 1003 1019 1015)
4(1003 1007 1023 1019)
4(1011 1015 1031 1027)
4(1015 1019 1035 1031)
4(1019 1023 1039 1035)
4(1027 1031 1047 1043)
4(1031 1035 1051 1047)
4(1035 1039 1055 1051)
4(1043 1047 1063 1059)
4(1047 1051 1067 1063)
4(1051 1055 1071 1067)
4(1059 1063 1079 1075)
4(1063 1067 1083 1079)
4(1067 1071 1087 1083)
4(1075 1079 1095 1091)
4(1079 1083 1099 1095)
4(1083 1087 1103 1099)
4(1091 1095 1111 1107)
4(1095 1099 1115 1111)
4(1099 1103 1119 1115)
4(1107 1111 1127 1123)
4(1111 1115 1131 1127)
4(1115 1119 1135 1131)
4(1123 1127 1143 1139)
4(1127 1131 1147 1143)
4(1131 1135 1151 1147)
4(1139 1143 1159 1155)
4(1143 1147 1163 1159)
4(1147 1151 1167 1163)
4(1155 1159 1175 1171)
4(1159 1163 1179 1175)
4(1163 1167 1183 1179)
4(1171 1175 1191 1187)
4(1175 1179 1195 1191)
4(1179 1183 1199 1195)
4(1187 1191 1207 1203)
4(1191 1195 1211 1207)
4(1195 1199 1215 1211)
4(1203 1207 1223 1219)
4(1207 1211 1227 1223)
4(1211 1215 1231 1227)
4(1219 1223 1239 1235)
4(1223 1227 1243 1239)
4(1227 1231 1247 1243)
4(1235 1239 1255 1251)
4(1239 1243 1259 1255)
4(1243 1247 1263 1259)
4(1251 1255 1271 1267)
4(1255 1259 1275 1271)
4(1259 1263 1279 1275)
4(1267 1271 1287 1283)
4(1271 1275 1291 1287)
4(1275 1279 1295 1291)
4(1283 1287 1303 1299)
4(1287 1291 1307 1303)
4(1291 1295 1311 1307)
4(1299 1303 1319 1315)
4(1303 1307 1323 1319)
4(1307 1311 1327 1323)
4(1315 1319 1335 1331)
4(1319 1323 1339 1335)
4(1323 1327 1343 1339)
4(1331 1335 1351 1347)
4(1335 1339 1355 1351)
4(1339 1343 1359 1355)
4(1347 1351 1367 1363)
4(1351 1355 1371 1367)
4(1355 1359 1375 1371)
4(1363 1367 1383 1379)
4(1367 1371 1387 1383)
4(1371 1375 1391 1387)
4(1379 1383 1399 1395)
4(1383 1387 1403 1399)
4(1387 1391 1407 1403)
4(1395 1399 1415 1411)
4(1399 1403 1419 1415)
4(1403 1407 1423 1419)
4(1411 1415 1431 1427)
4(1415 1419 1435 1431)
4(1419 1423 1439 1435)
4(1427 1431 1447 1443)
4(1431 1435 1451 1447)
4(1435 1439 1455 1451)
4(1443 1447 1463 1459)
4(1447 1451 1467 1463)
4(1451 1455 1471 1467)
4(1459 1463 1479 1475)
4(1463 1467 1483 1479)
4(1467 1471 1487 1483)
4(1475 1479 1495 1491)
4(1479 1483 1499 1495)
4(1483 1487 1503 1499)
4(1491 1495 1511 1507)
4(1495 1499 1515 1511)
4(1499 1503 1519 1515)
4(1507 1511 1527 1523)
4(1511 1515 1531 1527)
4(1515 1519 1535 1531)
4(1523 1527 1543 1539)
4(1527 1531 1547 1543)
4(1531 1535 1551 1547)
4(1539 1543 1559 1555)
4(1543 1547 1563 1559)
4(1547 1551 1567 1563)
4(1555 1559 1575 1571)
4(1559 1563 1579 1575)
4(1563 1567 1583 1579)
4(1571 1575 1591 1587)
4(1575 1579 1595 1591)
4(1579 1583 1599 1595)
4(1587 1591 1607 1603)
4(1591 1595 1611 1607)
4(1595 1599 1615 1611)
4(1603 1607 1623 1619)
4(1607 1611 1627 1623)
4(1611 1615 1631 1627)
4(1619 1623 1639 1635)
4(1623 1627 1643 1639)
4(1627 1631 1647 1643)
4(1635 1639 1655 1651)
4(1639 1643 1659 1655)
4(1643 1647 1663 1659)
4(1651 1655 1671 1667)
4(1655 1659 1675 1671)
4(1659 1663 1679 1675)
4(1667 1671 1687 1683)
4(1671 1675 1691 1687)
4(1675 1679 1695 1691)
4(1683 1687 1703 1699)
4(1687 1691 1707 1703)
4(1691 1695 1711 1707)
4(1699 1703 1719 1715)
4(1703 1707 1723 1719)
4(1707 1711 1727 1723)
4(1715 1719 1735 1731)
4(1719 1723 1739 1735)
4(1723 1727 1743 1739)
4(1731 1735 1751 1747)
4(1735 1739 1755 1751)
4(1739 1743 1759 1755)
4(1747 1751 1767 1763)
4(1751 1755 1771 1767)
4(1755 1759 1775 1771)
4(1763 1767 1783 1779)
4(1767 1771 1787 1783)
4(1771 1775 1791 1787)
4(1779 1783 1799 1795)
4(1783 1787 1803 1799)
4(1787 1791 1807 1803)
4(1795 1799 1815 1811)
4(1799 1803 1819 1815)
4(1803 1807 1823 1819)
4(1811 1815 1831 1827)
4(1815 1819 1835 1831)
4(1819 1823 1839 1835)
4(1827 1831 1847 1843)
4(1831 1835 1851 1847)
4(1835 1839 1855 1851)
4(1843 1847 1863 1859)
4(1847 1851 1867 1863)
4(1851 1855 1871 1867)
4(1859 1863 1879 1875)
4(1863 1867 1883 1879)
4(1867 1871 1887 1883)
4(1875 1879 1895 1891)
4(1879 1883 1899 1895)
4(1883 1887 1903 1899)
4(1891 1895 1911 1907)
4(1895 1899 1915 1911)
4(1899 1903 1919 1915)
4(1907 1911 1927 1923)
4(1911 1915 1931 1927)
4(1915 1919 1935 1931)
4(1923 1927 1943 1939)
4(1927 1931 1947 1943)
4(1931 1935 1951 1947)
4(1939 1943 1959 1955)
4(1943 1947 1963 1959)
4(1947 1951 1967 1963)
4(1955 1959 1975 1971)
4(1959 1963 1979 1975)
4(1963 1967 1983 1979)
4(1971 1975 1991 1987)
4(1975 1979 1995 1991)
4(1979 1983 1999 1995)
4(1987 1991 2007 2003)
4(1991 1995 2011 2007)
4(1995 1999 2015 2011)
4(2003 2007 2023 2019)
4(2007 2011 2027 2023)
4(2011 2015 2031 2027)
4(2019 2023 2039 2035)
4(2023 2027 2043 2039)
4(2027 2031 2047 2043)
4(2035 2039 2055 2051)
4(2039 2043 2059 2055)
4(2043 2047 2063 2059)
4(2051 2055 2071 2067)
4(2055 2059 2075 2071)
4(2059 2063 2079 2075)
4(2067 2071 2087 2083)
4(2071 2075 2091 2087)
4(2075 2079 2095 2091)
4(2083 2087 2103 2099)
4(2087 2091 2107 2103)
4(2091 2095 2111 2107)
4(2099 2103 2119 2115)
4(2103 2107 2123 2119)
4(2107 2111 2127 2123)
4(2115 2119 2135 2131)
4(2119 2123 2139 2135)
4(2123 2127 2143 2139)
4(2131 2135 2151 2147)
4(2135 2139 2155 2151)
4(2139 2143 2159 2155)
4(2147 2151 2167 2163)
4(2151 2155 2171 2167)
4(2155 2159 2175 2171)
4(2163 2167 2183 2179)
4(2167 2171 2187 2183)
4(2171 2175 2191 2187)
4(2179 2183 2199 2195)
4(2183 2187 2203 2199)
4(2187 2191 2207 2203)
4(2195 2199 2215 2211)
4(2199 2203 2219 2215)
4(2203 2207 2223 2219)
4(2211 2215 2231 2227)
4(2215 2219 2235 2231)
4(2219 2223 2239 2235)
4(2227 2231 2247 2243)
4(2231 2235 2251 2247)
4(2235 2239 2255 2251)
4(2243 2247 2263 2259)
4(2247 2251 2267 2263)
4(2251 2255 2271 2267)
4(2259 2263 2279 2275)
4(2263 2267 2283 2279)
4(2267 2271 2287 2283)
4(2275 2279 2295 2291)
4(2279 2283 2299 2295)
4(2283 2287 2303 2299)
4(2291 2295 2311 2307)
4(2295 2299 2315 2311)
4(2299 2303 2319 2315)
4(2307 2311 2327 2323)
4(2311 2315 2331 2327)
4(2315 2319 2335 2331)
4(2323 2327 2343 2339)
4(2327 2331 2347 2343)
4(2331 2335 2351 2347)
4(2339 2343 2359 2355)
4(2343 2347 2363 2359)
4(2347 2351 2367 2363)
4(2355 2359 2375 2371)
4(2359 2363 2379 2375)
4(2363 2367 2383 2379)
4(2371 2375 2391 2387)
4(2375 2379 2395 2391)
4(2379 2383 2399 2395)
4(2387 2391 2407 2403)
4(2391 2395 2411 2407)
4(2395 2399 2415 2411)
4(2403 2407 2423 2419)
4(2407 2411 2427 2423)
4(2411 2415 2431 2427)
4(2419 2423 2439 2435)
4(2423 2427 2443 2439)
4(2427 2431 2447 2443)
4(2435 2439 2455 2451)
4(2439 2443 2459 2455)
4(2443 2447 2463 2459)
4(2451 2455 2471 2467)
4(2455 2459 2475 2471)
4(2459 2463 2479 2475)
4(2467 2471 2487 2483)
4(2471 2475 2491 2487)
4(2475 2479 2495 2491)
4(2483 2487 2503 2499)
4(2487 2491 2507 2503)
4(2491 2495 2511 2507)
4(2499 2503 2519 2515)
4(2503 2507 2523 2519)
4(2507 2511 2527 2523)
4(2515 2519 2535 2531)
4(2519 2523 2539 2535)
4(2523 2527 2543 2539)
4(2531 2535 2551 2547)
4(2535 2539 2555 2551)
4(2539 2543 2559 2555)
4(2547 2551 2567 2563)
4(2551 2555 2571 2567)
4(2555 2559 2575 2571)
4(0 1 17 16)
4(16 17 33 32)
4(32 33 49 48)
4(48 49 65 64)
4(64 65 81 80)
4(80 81 97 96)
4(96 97 113 112)
4(112 113 129 128)
4(128 129 145 144)
4(144 145 161 160)
4(160 161 177 176)
4(176 177 193 192)
4(192 193 209 208)
4(208 209 225 224)
4(224 225 241 240)
4(240 241 257 256)
4(256 257 273 272)
4(272 273 289 288)
4(288 289 305 304)
4(304 305 321 320)
4(320 321 337 336)
4(336 337 353 352)
4(352 353 369 368)
4(368 369 385 384)
4(384 385 401 400)
4(400 401 417 416)
4(416 417 433 432)
4(432 433 449 448)
4(448 449 465 464)
4(464 465 481 480)
4(480 481 497 496)
4(496 497 513 512)
4(512 513 529 528)
4(528 529 545 544)
4(544 545 561 560)
4(560 561 577 576)
4(576 577 593 592)
4(592 593 609 608)
4(608 609 625 624)
4(624 625 641 640)
4(640 641 657 656)
4(656 657 673 672)
4(672 673 689 688)
4(688 689 705 704)
4(704 705 721 720)
4(720 721 737 736)
4(736 737 753 752)
4(752 753 769 768)
4(768 769 785 784)
4(784 785 801 800)
4(800 801 817 816)
4(816 817 833 832)
4(832 833 849 848)
4(848 849 865 864)
4(864 865 881 880)
4(880 881 897 896)
4(896 897 913 912)
4(912 913 929 928)
4(928 929 945 944)
4(944 945 961 960)
4(960 961 977 976)
4(976 977 993 992)
4(992 993 1009 1008)
4(1008 1009 1025 1024)
4(1024 1025 1041 1040)
4(1040 1041 1057 1056)
4(1056 1057 1073 1072)
4(1072 1073 1089 1088)
4(1088 1089 1105 1104)
4(1104 1105 1121 1120)
4(1120 1121 1137 1136)
4(1136 1137 1153 1152)
4(1152 1153 1169 1168)
4(1168 1169 1185 1184)
4(1184 1185 1201 1200)
4(1200 1201 1217 1216)
4(1216 1217 1233 1232)
4(1232 1233 1249 1248)
4(1248 1249 1265 1264)
4(1264 1265 1281 1280)
4(1280 1281 1297 1296)
4(1296 1297 1313 1312)
4(1312 1313 1329 1328)
4(1328 1329 1345 1344)
4(1344 1345 1361 1360)
4(1360 1361 1377 1376)
4(1376 1377 1393 1392)
4(1392 1393 1409 1408)
4(1408 1409 1425 1424)
4(1424 1425 1441 1440)
4(1440 1441 1457 1456)
4(1456 1457 1473 1472)
4(1472 1473 1489 1488)
4(1488 1489 1505 1504)
4(1504 1505 1521 1520)
4(1520 1521 1537 1536)
4(1536 1537 1553 1552)
4(1552 1553 1569 1568)
4(1568 1569 1585 1584)
4(1584 1585 1601 1600)
4(1600 1601 1617 1616)
4(1616 1617 1633 1632)
4(1632 1633 1649 1648)
4(1648 1649 1665 1664)
4(1664 1665 1681 1680)
4(1680 1681 1697 1696)
4(1696 1697 1713 1712)
4(1712 1713 1729 1728)
4(1728 1729 1745 1744)
4(1744 1745 1761 1760)
4(1760 1761 1777 1776)
4(1776 1777 1793 1792)
4(1792 1793 1809 1808)
4(1808 1809 1825 1824)
4(1824 1825 1841 1840)
4(1840 1841 1857 1856)
4(1856 1857 1873 1872)
4(1872 1873 1889 1888)
4(1888 1889 1905 1904)
4(1904 1905 1921 1920)
4(1920 1921 1937 1936)
4(1936 1937 1953 1952)
4(1952 1953 1969 1968)
4(1968 1969 1985 1984)
4(1984 1985 2001 2000)
4(2000 2001 2017 2016)
4(2016 2017 2033 2032)
4(2032 2033 2049 2048)
4(2048 2049 2065 2064)
4(2064 2065 2081 2080)
4(2080 2081 2097 2096)
4(2096 2097 2113 2112)
4(2112 2113 2129 2128)
4(2128 2129 2145 2144)
4(2144 2145 2161 2160)
4(2160 2161 2177 2176)
4(2176 2177 2193 2192)
4(2192 2193 2209 2208)
4(2208 2209 2225 2224)
4(2224 2225 2241 2240)
4(2240 2241 2257 2256)
4(2256 2257 2273 2272)
4(2272 2273 2289 2288)
4(2288 2289 2305 2304)
4(2304 2305 2321 2320)
4(2320 2321 2337 2336)
4(2336 2337 2353 2352)
4(2352 2353 2369 2368)
4(2368 2369 2385 2384)
4(2384 2385 2401 2400)
4(2400 2401 2417 2416)
4(2416 2417 2433 2432)
4(2432 2433 2449 2448)
4(2448 2449 2465 2464)
4(2464 2465 2481 2480)
4(2480 2481 2497 2496)
4(2496 2497 2513 2512)
4(2512 2513 2529 2528)
4(2528 2529 2545 2544)
4(2544 2545 2561 2560)
4(1 2 18 17)
4(17 18 34 33)
4(33 34 50 49)
4(49 50 66 65)
4(65 66 82 81)
4(81 82 98 97)
4(97 98 114 113)
4(113 114 130 129)
4(129 130 146 145)
4(145 146 162 161)
4(161 162 178 177)
4(177 178 194 193)
4(193 194 210 209)
4(209 210 226 225)
4(225 226 242 241)
4(241 242 258 257)
4(257 258 274 273)
4(273 274 290 289)
4(289 290 306 305)
4(305 306 322 321)
4(321 322 338 337)
4(337 338 354 353)
4(353 354 370 369)
4(369 370 386 385)
4(385 386 402 401)
4(401 402 418 417)
4(417 418 434 433)
4(433 434 450 449)
4(449 450 466 465)
4(465 466 482 481)
4(481 482 498 497)
4(497 498 514 513)
4(513 514 530 529)
4(529 530 546 545)
4(545 546 562 561)
4(561 562 578 577)
4(577 578 594 593)
4(593 594 610 609)
4(609 610 626 625)
4(625 626 642 641)
4(641 642 658 657)
4(657 658 674 673)
4(673 674 690 689)
4(689 690 706 705)
4(705 706 722 721)
4(721 722 738 737)
4(737 738 754 753)
4(753 754 770 769)
4(769 770 786 785)
4(785 786 802 801)
4(801 802 818 817)
4(817 818 834 833)
4(833 834 850 849)
4(849 850 866 865)
4(865 866 882 881)
4(881 882 898 897)
4(897 898 914 913)
4(913 914 930 929)
4(929 930 946 945)
4(945 946 962 961)
4(961 962 978 977)
4(977 978 994 993)
4(993 994 1010 1009)
4(1009 1010 1026 1025)
4(1025 1026 1042 1041)
4(1041 1042 1058 1057)
4(1057 1058 1074 1073)
4(1073 1074 1090 1089)
4(1089 1090 1106 1105)
4(1105 1106 1122 1121)
4(1121 1122 1138 1137)
4(1137 1138 1154 1153)
4(1153 1154 1170 1169)
4(1169 1170 1186 1185)
4(1185 1186 1202 1201)
4(1201 1202 1218 1217)
4(1217 1218 1234 1233)
4(1233 1234 1250 1249)
4(1249 1250 1266 1265)
4(1265 1266 1282 1281)
4(1281 1282 1298 1297)
4(1297 1298 1314 1313)
4(1313 1314 1330 1329)
4(1329 1330 1346 1345)
4(1345 1346 1362 1361)
4(1361 1362 1378 1377)
4(1377 1378 1394 1393)
4(1393 1394 1410 1409)
4(1409 1410 1426 1425)
4(1425 1426 1442 1441)
4(1441 1442 1458 1457)
4(1457 1458 1474 1473)
4(1473 1474 1490 1489)
4(1489 1490 1506 1505)
4(1505 1506 1522 1521)
4(1521 1522 1538 1537)
4(1537 1538 1554 1553)
4(1553 1554 1570 1569)
4(1569 1570 1586 1585)
4(1585 1586 1602 1601)
4(1601 1602 1618 1617)
4(1617 1618 1634 1633)
4(1633 1634 1650 1649)
4(1649 1650 1666 1665)
4(1665 1666 1682 1681)
4(1681 1682 1698 1697)
4(1697 1698 1714 1713)
4(1713 1714 1730 1729)
4(1729 1730 1746 1745)
4(1745 1746 1762 1761)
4(1761 1762 1778 1777)
4(1777 1778 1794 1793)
4(1793 1794 1810 1809)
4(1809 1810 1826 1825)
4(1825 1826 1842 1841)
4(1841 1842 1858 1857)
4(1857 1858 1874 1873)
4(1873 1874 1890 1889)
4(1889 1890 1906 1905)
4(1905 1906 1922 1921)
4(1921 1922 1938 1937)
4(1937 1938 1954 1953)
4(1953 1954 1970 1969)
4(1969 1970 1986 1985)
4(1985 1986 2002 2001)
4(2001 2002 2018 2017)
4(2017 2018 2034 2033)
4(2033 2034 2050 2049)
4(2049 2050 2066 2065)
4(2065 2066 2082 2081)
4(2081 2082 2098 2097)
4(2097 2098 2114 2113)
4(2113 2114 2130 2129)
4(2129 2130 2146 2145)
4(2145 2146 2162 2161)
4(2161 2162 2178 2177)
4(2177 2178 2194 2193)
4(2193 2194 2210 2209)
4(2209 2210 2226 2225)
4(2225 2226 2242 2241)
4(2241 2242 2258 2257)
4(2257 2258 2274 2273)
4(2273 2274 2290 2289)
4(2289 2290 2306 2305)
4(2305 2306 2322 2321)
4(2321 2322 2338 2337)
4(2337 2338 2354 2353)
4(2353 2354 2370 2369)
4(2369 2370 2386 2385)
4(2385 2386 2402 2401)
4(2401 2402 2418 2417)
4(2417 2418 2434 2433)
4(2433 2434 2450 2449)
4(2449 2450 2466 2465)
4(2465 2466 2482 2481)
4(2481 2482 2498 2497)
4(2497 2498 2514 2513)
4(2513 2514 2530 2529)
4(2529 2530 2546 2545)
4(2545 2546 2562 2561)
4(2 3 19 18)
4(18 19 35 34)
4(34 35 51 50)
4(50 51 67 66)
4(66 67 83 82)
4(82 83 99 98)
4(98 99 115 114)
4(114 115 131 130)
4(130 131 147 146)
4(146 147 163 162)
4(162 163 179 178)
4(178 179 195 194)
4(194 195 211 210)
4(210 211 227 226)
4(226 227 243 242)
4(242 243 259 258)
4(258 259 275 274)
4(274 275 291 290)
4(290 291 307 306)
4(306 307 323 322)
4(322 323 339 338)
4(338 339 355 354)
4(354 355 371 370)
4(370 371 387 386)
4(386 387 403 402)
4(402 403 419 418)
4(418 419 435 434)
4(434 435 451 450)
4(450 451 467 466)
4(466 467 483 482)
4(482 483 499 498)
4(498 499 515 514)
4(514 515 531 530)
4(530 531 547 546)
4(546 547 563 562)
4(562 563 579 578)
4(578 579 595 594)
4(594 595 611 610)
4(610 611 627 626)
4(626 627 643 642)
4(642 643 659 658)
4(658 659 675 674)
4(674 675 691 690)
4(690 691 707 706)
4(706 707 723 722)
4(722 723 739 738)
4(738 739 755 754)
4(754 755 771 770)
4(770 771 787 786)
4(786 787 803 802)
4(802 803 819 818)
4(818 819 835 834)
4(834 835 851 850)
4(850 851 867 866)
4(866 867 883 882)
4(882 883 899 898)
4(898 899 915 914)
4(914 915 931 930)
4(930 931 947 946)
4(946 947 963 962)
4(962 963 979 978)
4(978 979 995 994)
4(994 995 1011 1010)
4(1010 1011 1027 1026)
4(1026 1027 1043 1042)
4(1042 1043 1059 1058)
4(1058 1059 1075 1074)
4(1074 1075 1091 1090)
4(1090 1091 1107 1106)
4(1106 1107 1123 1122)
4(1122 1123 1139 1138)
4(1138 1139 1155 1154)
4(1154 1155 1171 1170)
4(1170 1171 1187 1186)
4(1186 1187 1203 1202)
4(1202 1203 1219 1218)
4(1218 1219 1235 1234)
4(1234 1235 1251 1250)
4(1250 1251 1267 1266)
4(1266 1267 1283 1282)
4(1282 1283 1299 1298)
4(1298 1299 1315 1314)
4(1314 1315 1331 1330)
4(1330 1331 1347 1346)
4(1346 1347 1363 1362)
4(1362 1363 1379 1378)
4(1378 1379 1395 1394)
4(1394 1395 1411 1410)
4(1410 1411 1427 1426)
4(1426 1427 1443 1442)
4(1442 1443 1459 1458)
4(1458 1459 1475 1474)
4(1474 1475 1491 1490)
4(1490 1491 1507 1506)
4(1506 1507 1523 1522)
4(1522 1523 1539 1538)
4(1538 1539 1555 1554)
4(1554 1555 1571 1570)
4(1570 1571 1587 1586)
4(1586 1587 1603 1602)
4(1602 1603 1619 1618)
4(1618 1619 1635 1634)
4(1634 1635 1651 1650)
4(1650 1651 1667 1666)
4(1666 1667 1683 1682)
4(1682 1683 1699 1698)
4(1698 1699 1715 1714)
4(1714 1715 1731 1730)
4(1730 1731 1747 1746)
4(1746 1747 1763 1762)
4(1762 1763 1779 1778)
4(1778 1779 1795 1794)
4(1794 1795 1811 1810)
4(1810 1811 1827 1826)
4(1826 1827 1843 1842)
4(1842 1843 1859 1858)
4(1858 1859 1875 1874)
4(1874 1875 1891 1890)
4(1890 1891 1907 1906)
4(1906 1907 1923 1922)
4(1922 1923 1939 1938)
4(1938 1939 1955 1954)
4(1954 1955 1971 1970)
4(1970 1971 1987 1986)
4(1986 1987 2003 2002)
4(2002 2003 2019 2018)
4(2018 2019 2035 2034)
4(2034 2035 2051 2050)
4(2050 2051 2067 2066)
4(2066 2067 2083 2082)
4(2082 2083 2099 2098)
4(2098 2099 2115 2114)
4(2114 2115 2131 2130)
4(2130 2131 2147 2146)
4(2146 2147 2163 2162)
4(2162 2163 2179 2178)
4(2178 2179 2195 2194)
4(2194 2195 2211 2210)
4(2210 2211 2227 2226)
4(2226 2227 2243 2242)
4(2242 2243 2259 2258)
4(2258 2259 2275 2274)
4(2274 2275 2291 2290)
4(2290 2291 2307 2306)
4(2306 2307 2323 2322)
4(2322 2323 2339 2338)
4(2338 2339 2355 2354)
4(2354 2355 2371 2370)
4(2370 2371 2387 2386)
4(2386 2387 2403 2402)
4(2402 2403 2419 2418)
4(2418 2419 2435 2434)
4(2434 2435 2451 2450)
4(2450 2451 2467 2466)
4(2466 2467 2483 2482)
4(2482 2483 2499 2498)
4(2498 2499 2515 2514)
4(2514 2515 2531 2530)
4(2530 2531 2547 2546)
4(2546 2547 2563 2562)
4(12 28 29 13)
4(28 44 45 29)
4(44 60 61 45)
4(60 76 77 61)
4(76 92 93 77)
4(92 108 109 93)
4(108 124 125 109)
4(124 140 141 125)
4(140 156 157 141)
4(156 172 173 157)
4(172 188 189 173)
4(188 204 205 189)
4(204 220 221 205)
4(220 236 237 221)
4(236 252 253 237)
4(252 268 269 253)
4(268 284 285 269)
4(284 300 301 285)
4(300 316 317 301)
4(316 332 333 317)
4(332 348 349 333)
4(348 364 365 349)
4(364 380 381 365)
4(380 396 397 381)
4(396 412 413 397)
4(412 428 429 413)
4(428 444 445 429)
4(444 460 461 445)
4(460 476 477 461)
4(476 492 493 477)
4(492 508 509 493)
4(508 524 525 509)
4(524 540 541 525)
4(540 556 557 541)
4(556 572 573 557)
4(572 588 589 573)
4(588 604 605 589)
4(604 620 621 605)
4(620 636 637 621)
4(636 652 653 637)
4(652 668 669 653)
4(668 684 685 669)
4(684 700 701 685)
4(700 716 717 701)
4(716 732 733 717)
4(732 748 749 733)
4(748 764 765 749)
4(764 780 781 765)
4(780 796 797 781)
4(796 812 813 797)
4(812 828 829 813)
4(828 844 845 829)
4(844 860 861 845)
4(860 876 877 861)
4(876 892 893 877)
4(892 908 909 893)
4(908 924 925 909)
4(924 940 941 925)
4(940 956 957 941)
4(956 972 973 957)
4(972 988 989 973)
4(988 1004 1005 989)
4(1004 1020 1021 1005)
4(1020 1036 1037 1021)
4(1036 1052 1053 1037)
4(1052 1068 1069 1053)
4(1068 1084 1085 1069)
4(1084 1100 1101 1085)
4(1100 1116 1117 1101)
4(1116 1132 1133 1117)
4(1132 1148 1149 1133)
4(1148 1164 1165 1149)
4(1164 1180 1181 1165)
4(1180 1196 1197 1181)
4(1196 1212 1213 1197)
4(1212 1228 1229 1213)
4(1228 1244 1245 1229)
4(1244 1260 1261 1245)
4(1260 1276 1277 1261)
4(1276 1292 1293 1277)
4(1292 1308 1309 1293)
4(1308 1324 1325 1309)
4(1324 1340 1341 1325)
4(1340 1356 1357 1341)
4(1356 1372 1373 1357)
4(1372 1388 1389 1373)
4(1388 1404 1405 1389)
4(1404 1420 1421 1405)
4(1420 1436 1437 1421)
4(1436 1452 1453 1437)
4(1452 1468 1469 1453)
4(1468 1484 1485 1469)
4(1484 1500 1501 1485)
4(1500 1516 1517 1501)
4(1516 1532 1533 1517)
4(1532 1548 1549 1533)
4(1548 1564 1565 1549)
4(1564 1580 1581 1565)
4(1580 1596 1597 1581)
4(1596 1612 1613 1597)
4(1612 1628 1629 1613)
4(1628 1644 1645 1629)
4(1644 1660 1661 1645)
4(1660 1676 1677 1661)
4(1676 1692 1693 1677)
4(1692 1708 1709 1693)
4(1708 1724 1725 1709)
4(1724 1740 1741 1725)
4(1740 1756 1757 1741)
4(1756 1772 1773 1757)
4(1772 1788 1789 1773)
4(1788 1804 1805 1789)
4(1804 1820 1821 1805)
4(1820 1836 1837 1821)
4(1836 1852 1853 1837)
4(1852 1868 1869 1853)
4(1868 1884 1885 1869)
4(1884 1900 1901 1885)
4(1900 1916 1917 1901)
4(1916 1932 1933 1917)
4(1932 1948 1949 1933)
4(1948 1964 1965 1949)
4(1964 1980 1981 1965)
4(1980 1996 1997 1981)
4(1996 2012 2013 1997)
4(2012 2028 2029 2013)
4(2028 2044 2045 2029)
4(2044 2060 2061 2045)
4(2060 2076 2077 2061)
4(2076 2092 2093 2077)
4(2092 2108 2109 2093)
4(2108 2124 2125 2109)
4(2124 2140 2141 2125)
4(2140 2156 2157 2141)
4(2156 2172 2173 2157)
4(2172 2188 2189 2173)
4(2188 2204 2205 2189)
4(2204 2220 2221 2205)
4(2220 2236 2237 2221)
4(2236 2252 2253 2237)
4(2252 2268 2269 2253)
4(2268 2284 2285 2269)
4(2284 2300 2301 2285)
4(2300 2316 2317 2301)
4(2316 2332 2333 2317)
4(2332 2348 2349 2333)
4(2348 2364 2365 2349)
4(2364 2380 2381 2365)
4(2380 2396 2397 2381)
4(2396 2412 2413 2397)
4(2412 2428 2429 2413)
4(2428 2444 2445 2429)
4(2444 2460 2461 2445)
4(2460 2476 2477 2461)
4(2476 2492 2493 2477)
4(2492 2508 2509 2493)
4(2508 2524 2525 2509)
4(2524 2540 2541 2525)
4(2540 2556 2557 2541)
4(2556 2572 2573 2557)
4(13 29 30 14)
4(29 45 46 30)
4(45 61 62 46)
4(61 77 78 62)
4(77 93 94 78)
4(93 109 110 94)
4(109 125 126 110)
4(125 141 142 126)
4(141 157 158 142)
4(157 173 174 158)
4(173 189 190 174)
4(189 205 206 190)
4(205 221 222 206)
4(221 237 238 222)
4(237 253 254 238)
4(253 269 270 254)
4(269 285 286 270)
4(285 301 302 286)
4(301 317 318 302)
4(317 333 334 318)
4(333 349 350 334)
4(349 365 366 350)
4(365 381 382 366)
4(381 397 398 382)
4(397 413 414 398)
4(413 429 430 414)
4(429 445 446 430)
4(445 461 462 446)
4(461 477 478 462)
4(477 493 494 478)
4(493 509 510 494)
4(509 525 526 510)
4(525 541 542 526)
4(541 557 558 542)
4(557 573 574 558)
4(573 589 590 574)
4(589 605 606 590)
4(605 621 622 606)
4(621 637 638 622)
4(637 653 654 638)
4(653 669 670 654)
4(669 685 686 670)
4(685 701 702 686)
4(701 717 718 702)
4(717 733 734 718)
4(733 749 750 734)
4(749 765 766 750)
4(765 781 782 766)
4(781 797 798 782)
4(797 813 814 798)
4(813 829 830 814)
4(829 845 846 830)
4(845 861 862 846)
4(861 877 878 862)
4(877 893 894 878)
4(893 909 910 894)
4(909 925 926 910)
4(925 941 942 926)
4(941 957 958 942)
4(957 973 974 958)
4(973 989 990 974)
4(989 1005 1006 990)
4(1005 1021 1022 1006)
4(1021 1037 1038 1022)
4(1037 1053 1054 1038)
4(1053 1069 1070 1054)
4(1069 1085 1086 1070)
4(1085 1101 1102 1086)
4(1101 1117 1118 1102)
4(1117 1133 1134 1118)
4(1133 1149 1150 1134)
4(1149 1165 1166 1150)
4(1165 1181 1182 1166)
4(1181 1197 1198 1182)
4(1197 1213 1214 1198)
4(1213 1229 1230 1214)
4(1229 1245 1246 1230)
4(1245 1261 1262 1246)
4(1261 1277 1278 1262)
4(1277 1293 1294 1278)
4(1293 1309 1310 1294)
4(1309 1325 1326 1310)
4(1325 1341 1342 1326)
4(1341 1357 1358 1342)
4(1357 1373 1374 1358)
4(1373 1389 1390 1374)
4(1389 1405 1406 1390)
4(1405 1421 1422 1406)
4(1421 1437 1438 1422)
4(1437 1453 1454 1438)
4(1453 1469 1470 1454)
4(1469 1485 1486 1470)
4(1485 1501 1502 1486)
4(1501 1517 1518 1502)
4(1517 1533 1534 1518)
4(1533 1549 1550 1534)
4(1549 1565 1566 1550)
4(1565 1581 1582 1566)
4(1581 1597 1598 1582)
4(1597 1613 1614 1598)
4(1613 1629 1630 1614)
4(1629 1645 1646 1630)
4(1645 1661 1662 1646)
4(1661 1677 1678 1662)
4(1677 1693 1694 1678)
4(1693 1709 1710 1694)
4(1709 1725 1726 1710)
4(1725 1741 1742 1726)
4(1741 1757 1758 1742)
4(1757 1773 1774 1758)
4(1773 1789 1790 1774)
4(1789 1805 1806 1790)
4(1805 1821 1822 1806)
4(1821 1837 1838 1822)
4(1837 1853 1854 1838)
4(1853 1869 1870 1854)
4(1869 1885 1886 1870)
4(1885 1901 1902 1886)
4(1901 1917 1918 1902)
4(1917 1933 1934 1918)
4(1933 1949 1950 1934)
4(1949 1965 1966 1950)
4(1965 1981 1982 1966)
4(1981 1997 1998 1982)
4(1997 2013 2014 1998)
4(2013 2029 2030 2014)
4(2029 2045 2046 2030)
4(2045 2061 2062 2046)
4(2061 2077 2078 2062)
4(2077 2093 2094 2078)
4(2093 2109 2110 2094)
4(2109 2125 2126 2110)
4(2125 2141 2142 2126)
4(2141 2157 2158 2142)
4(2157 2173 2174 2158)
4(2173 2189 2190 2174)
4(2189 2205 2206 2190)
4(2205 2221 2222 2206)
4(2221 2237 2238 2222)
4(2237 2253 2254 2238)
4(2253 2269 2270 2254)
4(2269 2285 2286 2270)
4(2285 2301 2302 2286)
4(2301 2317 2318 2302)
4(2317 2333 2334 2318)
4(2333 2349 2350 2334)
4(2349 2365 2366 2350)
4(2365 2381 2382 2366)
4(2381 2397 2398 2382)
4(2397 2413 2414 2398)
4(2413 2429 2430 2414)
4(2429 2445 2446 2430)
4(2445 2461 2462 2446)
4(2461 2477 2478 2462)
4(2477 2493 2494 2478)
4(2493 2509 2510 2494)
4(2509 2525 2526 2510)
4(2525 2541 2542 2526)
4(2541 2557 2558 2542)
4(2557 2573 2574 2558)
4(14 30 31 15)
4(30 46 47 31)
4(46 62 63 47)
4(62 78 79 63)
4(78 94 95 79)
4(94 110 111 95)
4(110 126 127 111)
4(126 142 143 127)
4(142 158 159 143)
4(158 174 175 159)
4(174 190 191 175)
4(190 206 207 191)
4(206 222 223 207)
4(222 238 239 223)
4(238 254 255 239)
4(254 270 271 255)
4(270 286 287 271)
4(286 302 303 287)
4(302 318 319 303)
4(318 334 335 319)
4(334 350 351 335)
4(350 366 367 351)
4(366 382 383 367)
4(382 398 399 383)
4(398 414 415 399)
4(414 430 431 415)
4(430 446 447 431)
4(446 462 463 447)
4(462 478 479 463)
4(478 494 495 479)
4(494 510 511 495)
4(510 526 527 511)
4(526 542 543 527)
4(542 558 559 543)
4(558 574 575 559)
4(574 590 591 575)
4(590 606 607 591)
4(606 622 623 607)
4(622 638 639 623)
4(638 654 655 639)
4(654 670 671 655)
4(670 686 687 671)
4(686 702 703 687)
4(702 718 719 703)
4(718 734 735 719)
4(734 750 751 735)
4(750 766 767 751)
4(766 782 783 767)
4(782 798 799 783)
4(798 814 815 799)
4(814 830 831 815)
4(830 846 847 831)
4(846 862 863 847)
4(862 878 879 863)
4(878 894 895 879)
4(894 910 911 895)
4(910 926 927 911)
4(926 942 943 927)
4(942 958 959 943)
4(958 974 975 959)
4(974 990 991 975)
4(990 1006 1007 991)
4(1006 1022 1023 1007)
4(1022 1038 1039 1023)
4(1038 1054 1055 1039)
4(1054 1070 1071 1055)
4(1070 1086 1087 1071)
4(1086 1102 1103 1087)
4(1102 1118 1119 1103)
4(1118 1134 1135 1119)
4(1134 1150 1151 1135)
4(1150 1166 1167 1151)
4(1166 1182 1183 1167)
4(1182 1198 1199 1183)
4(1198 1214 1215 1199)
4(1214 1230 1231 1215)
4(1230 1246 1247 1231)
4(1246 1262 1263 1247)
4(1262 1278 1279 1263)
4(1278 1294 1295 1279)
4(1294 1310 1311 1295)
4(1310 1326 1327 1311)
4(1326 1342 1343 1327)
4(1342 1358 1359 1343)
4(1358 1374 1375 1359)
4(1374 1390 1391 1375)
4(1390 1406 1407 1391)
4(1406 1422 1423 1407)
4(1422 1438 1439 1423)
4(1438 1454 1455 1439)
4(1454 1470 1471 1455)
4(1470 1486 1487 1471)
4(1486 1502 1503 1487)
4(1502 1518 1519 1503)
4(1518 1534 1535 1519)
4(1534 1550 1551 1535)
4(1550 1566 1567 1551)
4(1566 1582 1583 1567)
4(1582 1598 1599 1583)
4(1598 1614 1615 1599)
4(1614 1630 1631 1615)
4(1630 1646 1647 1631)
4(1646 1662 1663 1647)
4(1662 1678 1679 1663)
4(1678 1694 1695 1679)
4(1694 1710 1711 1695)
4(1710 1726 1727 1711)
4(1726 1742 1743 1727)
4(1742 1758 1759 1743)
4(1758 1774 1775 1759)
4(1774 1790 1791 1775)
4(1790 1806 1807 1791)
4(1806 1822 1823 1807)
4(1822 1838 1839 1823)
4(1838 1854 1855 1839)
4(1854 1870 1871 1855)
4(1870 1886 1887 1871)
4(1886 1902 1903 1887)
4(1902 1918 1919 1903)
4(1918 1934 1935 1919)
4(1934 1950 1951 1935)
4(1950 1966 1967 1951)
4(1966 1982 1983 1967)
4(1982 1998 1999 1983)
4(1998 2014 2015 1999)
4(2014 2030 2031 2015)
4(2030 2046 2047 2031)
4(2046 2062 2063 2047)
4(2062 2078 2079 2063)
4(2078 2094 2095 2079)
4(2094 2110 2111 2095)
4(2110 2126 2127 2111)
4(2126 2142 2143 2127)
4(2142 2158 2159 2143)
4(2158 2174 2175 2159)
4(2174 2190 2191 2175)
4(2190 2206 2207 2191)
4(2206 2222 2223 2207)
4(2222 2238 2239 2223)
4(2238 2254 2255 2239)
4(2254 2270 2271 2255)
4(2270 2286 2287 2271)
4(2286 2302 2303 2287)
4(2302 2318 2319 2303)
4(2318 2334 2335 2319)
4(2334 2350 2351 2335)
4(2350 2366 2367 2351)
4(2366 2382 2383 2367)
4(2382 2398 2399 2383)
4(2398 2414 2415 2399)
4(2414 2430 2431 2415)
4(2430 2446 2447 2431)
4(2446 2462 2463 2447)
4(2462 2478 2479 2463)
4(2478 2494 2495 2479)
4(2494 2510 2511 2495)
4(2510 2526 2527 2511)
4(2526 2542 2543 2527)
4(2542 2558 2559 2543)
4(2558 2574 2575 2559)
)


// ************************************************************************* //
