/*--------------------------------*- C++ -*----------------------------------*\
| =========                 |                                                 |
| \\      /  F ield         | OpenFOAM: The Open Source CFD Toolbox           |
|  \\    /   O peration     | Version:  v2012                                 |
|   \\  /    A nd           | Website:  www.openfoam.com                      |
|    \\/     M anipulation  |                                                 |
\*---------------------------------------------------------------------------*/
FoamFile
{
    version     2.0;
    format      ascii;
    class       vectorField;
    location    "constant/polyMesh";
    object      points;
}
// * * * * * * * * * * * * * * * * * * * * * * * * * * * * * * * * * * * * * //


2576
(
(0 0 0)
(66.66666666666666 0 0)
(133.3333333333333 0 0)
(200 0 0)
(0 66.66666666666666 0)
(66.66666666666664 66.66666666666666 0)
(133.3333333333333 66.66666666666667 0)
(200 66.66666666666666 0)
(0 133.3333333333333 0)
(66.66666666666667 133.3333333333333 0)
(133.3333333333333 133.3333333333333 0)
(200 133.3333333333333 0)
(0 200 0)
(66.66666666666666 200 0)
(133.3333333333333 200 0)
(200 200 0)
(0 0 2.063867532325153)
(66.66666666666666 0 2.063867532325153)
(133.3333333333333 0 2.063867532325153)
(200 0 2.063867532325153)
(0 66.66666666666666 2.063867532325153)
(66.66666666666667 66.66666666666667 2.063867532325153)
(133.3333333333333 66.66666666666667 2.063867532325153)
(200 66.66666666666666 2.063867532325153)
(0 133.3333333333333 2.063867532325153)
(66.66666666666667 133.3333333333333 2.063867532325153)
(133.3333333333333 133.3333333333333 2.063867532325153)
(200 133.3333333333333 2.063867532325153)
(0 200 2.063867532325153)
(66.66666666666666 200 2.063867532325153)
(133.3333333333333 200 2.063867532325153)
(200 200 2.063867532325153)
(0 0 4.185406134993427)
(66.66666666666667 0 4.185406134993427)
(133.3333333333333 0 4.185406134993427)
(200 0 4.185406134993427)
(0 66.66666666666667 4.185406134993427)
(66.66666666666667 66.66666666666667 4.185406134993426)
(133.3333333333333 66.66666666666667 4.185406134993426)
(200 66.66666666666667 4.185406134993427)
(0 133.3333333333333 4.185406134993427)
(66.66666666666667 133.3333333333333 4.185406134993427)
(133.3333333333333 133.3333333333333 4.185406134993427)
(200 133.3333333333333 4.185406134993427)
(0 200 4.185406134993427)
(66.66666666666667 200 4.185406134993427)
(133.3333333333333 200 4.185406134993427)
(200 200 4.185406134993427)
(0 0 6.366227322456422)
(66.66666666666667 0 6.366227322456421)
(133.3333333333333 0 6.366227322456421)
(200 0 6.366227322456422)
(0 66.66666666666667 6.366227322456421)
(66.66666666666664 66.66666666666666 6.366227322456421)
(133.3333333333333 66.66666666666667 6.366227322456421)
(200 66.66666666666667 6.366227322456421)
(0 133.3333333333333 6.366227322456421)
(66.66666666666667 133.3333333333333 6.366227322456422)
(133.3333333333333 133.3333333333333 6.366227322456421)
(200 133.3333333333333 6.366227322456421)
(0 200 6.366227322456422)
(66.66666666666667 200 6.366227322456421)
(133.3333333333333 200 6.366227322456421)
(200 200 6.366227322456422)
(0 0 8.607987640041911)
(66.66666666666666 0 8.607987640041911)
(133.3333333333333 0 8.607987640041911)
(200 0 8.607987640041911)
(0 66.66666666666666 8.607987640041911)
(66.66666666666664 66.66666666666666 8.607987640041911)
(133.3333333333333 66.66666666666667 8.607987640041911)
(200 66.66666666666666 8.607987640041911)
(0 133.3333333333333 8.607987640041911)
(66.66666666666667 133.3333333333333 8.607987640041911)
(133.3333333333333 133.3333333333333 8.607987640041911)
(200 133.3333333333333 8.607987640041911)
(0 200 8.607987640041911)
(66.66666666666666 200 8.607987640041911)
(133.3333333333333 200 8.607987640041911)
(200 200 8.607987640041911)
(0 0 10.91238992226078)
(66.66666666666666 0 10.91238992226078)
(133.3333333333333 0 10.91238992226078)
(200 0 10.91238992226078)
(0 66.66666666666666 10.91238992226078)
(66.66666666666664 66.66666666666664 10.91238992226078)
(133.3333333333333 66.66666666666666 10.91238992226079)
(200 66.66666666666666 10.91238992226078)
(0 133.3333333333333 10.91238992226078)
(66.66666666666667 133.3333333333333 10.91238992226079)
(133.3333333333333 133.3333333333333 10.91238992226078)
(200 133.3333333333333 10.91238992226078)
(0 200 10.91238992226078)
(66.66666666666666 200 10.91238992226078)
(133.3333333333333 200 10.91238992226078)
(200 200 10.91238992226078)
(0 0 13.28118458627509)
(66.66666666666666 0 13.2811845862751)
(133.3333333333333 0 13.28118458627509)
(200 0 13.28118458627509)
(0 66.66666666666666 13.2811845862751)
(66.66666666666664 66.66666666666666 13.28118458627509)
(133.3333333333333 66.66666666666667 13.28118458627509)
(200 66.66666666666666 13.2811845862751)
(0 133.3333333333333 13.28118458627509)
(66.66666666666667 133.3333333333333 13.28118458627509)
(133.3333333333333 133.3333333333333 13.28118458627509)
(200 133.3333333333333 13.28118458627509)
(0 200 13.28118458627509)
(66.66666666666666 200 13.28118458627509)
(133.3333333333333 200 13.28118458627509)
(200 200 13.28118458627509)
(0 0 15.71617096150979)
(66.66666666666664 0 15.71617096150979)
(133.3333333333333 0 15.71617096150979)
(200 0 15.71617096150979)
(0 66.66666666666664 15.71617096150979)
(66.66666666666664 66.66666666666664 15.71617096150979)
(133.3333333333333 66.66666666666664 15.71617096150979)
(200 66.66666666666664 15.71617096150979)
(0 133.3333333333333 15.71617096150979)
(66.66666666666664 133.3333333333333 15.71617096150979)
(133.3333333333333 133.3333333333333 15.71617096150979)
(200 133.3333333333333 15.71617096150979)
(0 200 15.71617096150979)
(66.66666666666664 200 15.71617096150979)
(133.3333333333333 200 15.71617096150979)
(200 200 15.71617096150979)
(0 0 18.219198656418)
(66.66666666666666 0 18.219198656418)
(133.3333333333333 0 18.219198656418)
(200 0 18.219198656418)
(0 66.66666666666666 18.219198656418)
(66.66666666666667 66.66666666666666 18.219198656418)
(133.3333333333333 66.66666666666664 18.219198656418)
(200 66.66666666666666 18.219198656418)
(0 133.3333333333333 18.219198656418)
(66.66666666666666 133.3333333333333 18.219198656418)
(133.3333333333333 133.3333333333333 18.219198656418)
(200 133.3333333333333 18.219198656418)
(0 200 18.219198656418)
(66.66666666666666 200 18.219198656418)
(133.3333333333333 200 18.219198656418)
(200 200 18.219198656418)
(0 0 20.79216896343814)
(66.66666666666666 0 20.79216896343814)
(133.3333333333333 0 20.79216896343814)
(200 0 20.79216896343814)
(0 66.66666666666666 20.79216896343814)
(66.66666666666664 66.66666666666666 20.79216896343814)
(133.3333333333333 66.66666666666667 20.79216896343814)
(200 66.66666666666666 20.79216896343814)
(0 133.3333333333333 20.79216896343814)
(66.66666666666667 133.3333333333333 20.79216896343814)
(133.3333333333333 133.3333333333333 20.79216896343814)
(200 133.3333333333333 20.79216896343814)
(0 200 20.79216896343814)
(66.66666666666666 200 20.79216896343814)
(133.3333333333333 200 20.79216896343814)
(200 200 20.79216896343814)
(0 0 23.43703630321005)
(66.66666666666667 0 23.43703630321005)
(133.3333333333333 0 23.43703630321006)
(200 0 23.43703630321005)
(0 66.66666666666667 23.43703630321005)
(66.66666666666667 66.66666666666667 23.43703630321006)
(133.3333333333333 66.66666666666667 23.43703630321005)
(200 66.66666666666667 23.43703630321005)
(0 133.3333333333333 23.43703630321006)
(66.66666666666667 133.3333333333333 23.43703630321005)
(133.3333333333333 133.3333333333333 23.43703630321006)
(200 133.3333333333333 23.43703630321006)
(0 200 23.43703630321005)
(66.66666666666667 200 23.43703630321006)
(133.3333333333333 200 23.43703630321005)
(200 200 23.43703630321005)
(0 0 26.15580970914717)
(66.66666666666667 0 26.15580970914718)
(133.3333333333333 0 26.15580970914717)
(200 0 26.15580970914717)
(0 66.66666666666667 26.15580970914718)
(66.66666666666667 66.66666666666666 26.15580970914718)
(133.3333333333333 66.66666666666667 26.15580970914718)
(200 66.66666666666667 26.15580970914718)
(0 133.3333333333333 26.15580970914717)
(66.66666666666667 133.3333333333333 26.15580970914717)
(133.3333333333333 133.3333333333333 26.15580970914718)
(200 133.3333333333333 26.15580970914717)
(0 200 26.15580970914717)
(66.66666666666667 200 26.15580970914718)
(133.3333333333333 200 26.15580970914717)
(200 200 26.15580970914717)
(0 0 28.95055435349229)
(66.66666666666666 0 28.95055435349228)
(133.3333333333333 0 28.95055435349228)
(200 0 28.95055435349229)
(0 66.66666666666666 28.95055435349228)
(66.66666666666664 66.66666666666667 28.95055435349228)
(133.3333333333333 66.66666666666667 28.95055435349229)
(200 66.66666666666666 28.95055435349228)
(0 133.3333333333333 28.95055435349228)
(66.66666666666667 133.3333333333333 28.95055435349229)
(133.3333333333333 133.3333333333333 28.95055435349229)
(200 133.3333333333333 28.95055435349228)
(0 200 28.95055435349229)
(66.66666666666666 200 28.95055435349228)
(133.3333333333333 200 28.95055435349229)
(200 200 28.95055435349229)
(0 0 31.82339311601636)
(66.66666666666666 0 31.82339311601635)
(133.3333333333333 0 31.82339311601635)
(200 0 31.82339311601636)
(0 66.66666666666666 31.82339311601635)
(66.66666666666667 66.66666666666666 31.82339311601635)
(133.3333333333333 66.66666666666667 31.82339311601635)
(200 66.66666666666666 31.82339311601635)
(0 133.3333333333333 31.82339311601635)
(66.66666666666667 133.3333333333333 31.82339311601635)
(133.3333333333333 133.3333333333333 31.82339311601636)
(200 133.3333333333333 31.82339311601635)
(0 200 31.82339311601636)
(66.66666666666666 200 31.82339311601635)
(133.3333333333333 200 31.82339311601635)
(200 200 31.82339311601636)
(0 0 34.77650819655165)
(66.66666666666666 0 34.77650819655165)
(133.3333333333333 0 34.77650819655165)
(200 0 34.77650819655165)
(0 66.66666666666666 34.77650819655165)
(66.66666666666667 66.66666666666666 34.77650819655164)
(133.3333333333333 66.66666666666664 34.77650819655164)
(200 66.66666666666666 34.77650819655165)
(0 133.3333333333333 34.77650819655165)
(66.66666666666667 133.3333333333333 34.77650819655165)
(133.3333333333333 133.3333333333333 34.77650819655164)
(200 133.3333333333333 34.77650819655165)
(0 200 34.77650819655165)
(66.66666666666666 200 34.77650819655165)
(133.3333333333333 200 34.77650819655164)
(200 200 34.77650819655165)
(0 0 37.8121427725843)
(66.66666666666666 0 37.8121427725843)
(133.3333333333333 0 37.8121427725843)
(200 0 37.8121427725843)
(0 66.66666666666666 37.8121427725843)
(66.66666666666667 66.66666666666667 37.8121427725843)
(133.3333333333333 66.66666666666666 37.81214277258432)
(200 66.66666666666666 37.8121427725843)
(0 133.3333333333333 37.8121427725843)
(66.66666666666666 133.3333333333333 37.81214277258431)
(133.3333333333333 133.3333333333333 37.81214277258431)
(200 133.3333333333333 37.8121427725843)
(0 200 37.8121427725843)
(66.66666666666666 200 37.8121427725843)
(133.3333333333333 200 37.8121427725843)
(200 200 37.8121427725843)
(0 0 40.93260270316537)
(66.66666666666666 0 40.93260270316538)
(133.3333333333333 0 40.93260270316538)
(200 0 40.93260270316537)
(0 66.66666666666666 40.93260270316538)
(66.66666666666664 66.66666666666666 40.93260270316537)
(133.3333333333333 66.66666666666667 40.93260270316538)
(200 66.66666666666666 40.93260270316538)
(0 133.3333333333333 40.93260270316537)
(66.66666666666667 133.3333333333333 40.93260270316537)
(133.3333333333333 133.3333333333333 40.93260270316538)
(200 133.3333333333333 40.93260270316537)
(0 200 40.93260270316537)
(66.66666666666666 200 40.93260270316538)
(133.3333333333333 200 40.93260270316538)
(200 200 40.93260270316537)
(0 0 44.14025828043444)
(66.66666666666667 0 44.14025828043444)
(133.3333333333333 0 44.14025828043444)
(200 0 44.14025828043444)
(0 66.66666666666667 44.14025828043444)
(66.66666666666667 66.66666666666667 44.14025828043444)
(133.3333333333333 66.66666666666667 44.14025828043444)
(200 66.66666666666667 44.14025828043444)
(0 133.3333333333333 44.14025828043444)
(66.66666666666667 133.3333333333333 44.14025828043444)
(133.3333333333333 133.3333333333333 44.14025828043444)
(200 133.3333333333333 44.14025828043444)
(0 200 44.14025828043444)
(66.66666666666667 200 44.14025828043444)
(133.3333333333333 200 44.14025828043444)
(200 200 44.14025828043444)
(0 0 47.43754603008656)
(66.66666666666666 0 47.43754603008656)
(133.3333333333333 0 47.43754603008656)
(200 0 47.43754603008656)
(0 66.66666666666666 47.43754603008656)
(66.66666666666664 66.66666666666666 47.43754603008656)
(133.3333333333333 66.66666666666667 47.43754603008656)
(200 66.66666666666666 47.43754603008656)
(0 133.3333333333333 47.43754603008656)
(66.66666666666664 133.3333333333333 47.43754603008657)
(133.3333333333333 133.3333333333333 47.43754603008656)
(200 133.3333333333333 47.43754603008656)
(0 200 47.43754603008656)
(66.66666666666666 200 47.43754603008657)
(133.3333333333333 200 47.43754603008656)
(200 200 47.43754603008656)
(0 0 50.82697056215003)
(66.66666666666666 0 50.82697056215004)
(133.3333333333333 0 50.82697056215003)
(200 0 50.82697056215003)
(0 66.66666666666666 50.82697056215004)
(66.66666666666664 66.66666666666666 50.82697056215003)
(133.3333333333333 66.66666666666667 50.82697056215004)
(200 66.66666666666666 50.82697056215004)
(0 133.3333333333333 50.82697056215003)
(66.66666666666667 133.3333333333333 50.82697056215004)
(133.3333333333333 133.3333333333333 50.82697056215004)
(200 133.3333333333333 50.82697056215003)
(0 200 50.82697056215003)
(66.66666666666666 200 50.82697056215004)
(133.3333333333333 200 50.82697056215003)
(200 200 50.82697056215003)
(0 0 54.31110647348074)
(66.66666666666666 0 54.31110647348075)
(133.3333333333333 0 54.31110647348074)
(200 0 54.31110647348074)
(0 66.66666666666666 54.31110647348075)
(66.66666666666664 66.66666666666666 54.31110647348075)
(133.3333333333333 66.66666666666667 54.31110647348075)
(200 66.66666666666666 54.31110647348075)
(0 133.3333333333333 54.31110647348074)
(66.66666666666667 133.3333333333333 54.31110647348075)
(133.3333333333333 133.3333333333333 54.31110647348075)
(200 133.3333333333333 54.31110647348074)
(0 200 54.31110647348074)
(66.66666666666666 200 54.31110647348074)
(133.3333333333333 200 54.31110647348074)
(200 200 54.31110647348074)
(0 0 57.89260030341826)
(66.66666666666666 0 57.89260030341824)
(133.3333333333333 0 57.89260030341826)
(200 0 57.89260030341826)
(0 66.66666666666666 57.89260030341824)
(66.66666666666664 66.66666666666664 57.89260030341824)
(133.3333333333333 66.66666666666664 57.89260030341825)
(200 66.66666666666666 57.89260030341824)
(0 133.3333333333333 57.89260030341826)
(66.66666666666667 133.3333333333333 57.89260030341825)
(133.3333333333333 133.3333333333333 57.89260030341825)
(200 133.3333333333333 57.89260030341826)
(0 200 57.89260030341826)
(66.66666666666666 200 57.89260030341825)
(133.3333333333333 200 57.89260030341825)
(200 200 57.89260030341826)
(0 0 61.57417254408936)
(66.66666666666666 0 61.57417254408936)
(133.3333333333333 0 61.57417254408936)
(200 0 61.57417254408936)
(0 66.66666666666666 61.57417254408936)
(66.66666666666667 66.66666666666667 61.57417254408936)
(133.3333333333333 66.66666666666667 61.57417254408937)
(200 66.66666666666666 61.57417254408936)
(0 133.3333333333333 61.57417254408936)
(66.66666666666667 133.3333333333333 61.57417254408937)
(133.3333333333333 133.3333333333333 61.57417254408936)
(200 133.3333333333333 61.57417254408936)
(0 200 61.57417254408936)
(66.66666666666666 200 61.57417254408936)
(133.3333333333333 200 61.57417254408936)
(200 200 61.57417254408936)
(0 0 65.35861970688586)
(66.66666666666666 0 65.35861970688585)
(133.3333333333333 0 65.35861970688586)
(200 0 65.35861970688586)
(0 66.66666666666666 65.35861970688586)
(66.66666666666667 66.66666666666664 65.35861970688585)
(133.3333333333333 66.66666666666666 65.35861970688586)
(200 66.66666666666666 65.35861970688586)
(0 133.3333333333333 65.35861970688586)
(66.66666666666667 133.3333333333333 65.35861970688588)
(133.3333333333333 133.3333333333333 65.35861970688585)
(200 133.3333333333333 65.35861970688586)
(0 200 65.35861970688586)
(66.66666666666666 200 65.35861970688585)
(133.3333333333333 200 65.35861970688585)
(200 200 65.35861970688586)
(0 0 69.24881644668623)
(66.66666666666666 0 69.24881644668623)
(133.3333333333333 0 69.24881644668623)
(200 0 69.24881644668623)
(0 66.66666666666666 69.24881644668623)
(66.66666666666667 66.66666666666666 69.24881644668623)
(133.3333333333333 66.66666666666667 69.24881644668623)
(200 66.66666666666666 69.24881644668623)
(0 133.3333333333333 69.24881644668623)
(66.66666666666667 133.3333333333333 69.24881644668623)
(133.3333333333333 133.3333333333333 69.24881644668623)
(200 133.3333333333333 69.24881644668623)
(0 200 69.24881644668623)
(66.66666666666666 200 69.24881644668623)
(133.3333333333333 200 69.24881644668623)
(200 200 69.24881644668623)
(0 0 73.24771774543518)
(66.66666666666667 0 73.24771774543518)
(133.3333333333333 0 73.24771774543518)
(200 0 73.24771774543518)
(0 66.66666666666667 73.24771774543518)
(66.66666666666667 66.66666666666666 73.24771774543517)
(133.3333333333333 66.66666666666667 73.24771774543517)
(200 66.66666666666667 73.24771774543518)
(0 133.3333333333333 73.24771774543518)
(66.66666666666667 133.3333333333333 73.24771774543518)
(133.3333333333333 133.3333333333333 73.24771774543518)
(200 133.3333333333333 73.24771774543518)
(0 200 73.24771774543518)
(66.66666666666667 200 73.24771774543518)
(133.3333333333333 200 73.24771774543518)
(200 200 73.24771774543518)
(0 0 77.35836115673895)
(66.66666666666666 0 77.35836115673897)
(133.3333333333333 0 77.35836115673898)
(200 0 77.35836115673895)
(0 66.66666666666666 77.35836115673897)
(66.66666666666667 66.66666666666667 77.35836115673895)
(133.3333333333333 66.66666666666666 77.35836115673894)
(200 66.66666666666666 77.35836115673897)
(0 133.3333333333333 77.35836115673898)
(66.66666666666666 133.3333333333333 77.35836115673894)
(133.3333333333333 133.3333333333333 77.35836115673897)
(200 133.3333333333333 77.35836115673898)
(0 200 77.35836115673895)
(66.66666666666666 200 77.35836115673895)
(133.3333333333333 200 77.35836115673898)
(200 200 77.35836115673895)
(0 0 81.58386911318227)
(66.66666666666664 0 81.58386911318227)
(133.3333333333333 0 81.58386911318227)
(200 0 81.58386911318227)
(0 66.66666666666664 81.58386911318227)
(66.66666666666664 66.66666666666667 81.58386911318227)
(133.3333333333333 66.66666666666667 81.58386911318227)
(200 66.66666666666664 81.58386911318227)
(0 133.3333333333333 81.58386911318229)
(66.66666666666667 133.3333333333333 81.58386911318229)
(133.3333333333333 133.3333333333333 81.58386911318229)
(200 133.3333333333333 81.58386911318229)
(0 200 81.58386911318227)
(66.66666666666664 200 81.58386911318227)
(133.3333333333333 200 81.58386911318227)
(200 200 81.58386911318227)
(0 0 85.92745129811878)
(66.66666666666666 0 85.9274512981188)
(133.3333333333333 0 85.92745129811878)
(200 0 85.92745129811878)
(0 66.66666666666666 85.9274512981188)
(66.66666666666664 66.66666666666666 85.92745129811878)
(133.3333333333333 66.66666666666667 85.9274512981188)
(200 66.66666666666666 85.9274512981188)
(0 133.3333333333333 85.9274512981188)
(66.66666666666667 133.3333333333333 85.9274512981188)
(133.3333333333333 133.3333333333333 85.92745129811878)
(200 133.3333333333333 85.9274512981188)
(0 200 85.92745129811878)
(66.66666666666666 200 85.92745129811878)
(133.3333333333333 200 85.92745129811878)
(200 200 85.92745129811878)
(0 0 90.39240708373715)
(66.66666666666666 0 90.39240708373715)
(133.3333333333333 0 90.39240708373715)
(200 0 90.39240708373715)
(0 66.66666666666666 90.39240708373715)
(66.66666666666667 66.66666666666664 90.39240708373715)
(133.3333333333333 66.66666666666664 90.39240708373715)
(200 66.66666666666666 90.39240708373715)
(0 133.3333333333333 90.39240708373715)
(66.66666666666667 133.3333333333333 90.39240708373715)
(133.3333333333333 133.3333333333333 90.39240708373715)
(200 133.3333333333333 90.39240708373715)
(0 200 90.39240708373715)
(66.66666666666666 200 90.39240708373715)
(133.3333333333333 200 90.39240708373715)
(200 200 90.39240708373715)
(0 0 94.98212803725421)
(66.66666666666666 0 94.98212803725424)
(133.3333333333333 0 94.98212803725421)
(200 0 94.98212803725421)
(0 66.66666666666666 94.98212803725424)
(66.66666666666664 66.66666666666666 94.98212803725421)
(133.3333333333333 66.66666666666667 94.98212803725421)
(200 66.66666666666666 94.98212803725424)
(0 133.3333333333333 94.98212803725421)
(66.66666666666667 133.3333333333333 94.98212803725421)
(133.3333333333333 133.3333333333333 94.98212803725421)
(200 133.3333333333333 94.98212803725421)
(0 200 94.98212803725421)
(66.66666666666666 200 94.98212803725421)
(133.3333333333333 200 94.98212803725421)
(200 200 94.98212803725421)
(0 0 99.70010049713976)
(66.66666666666666 0 99.70010049713976)
(133.3333333333333 0 99.70010049713973)
(200 0 99.70010049713976)
(0 66.66666666666666 99.70010049713976)
(66.66666666666667 66.66666666666667 99.70010049713973)
(133.3333333333333 66.66666666666666 99.70010049713976)
(200 66.66666666666666 99.70010049713976)
(0 133.3333333333333 99.70010049713976)
(66.66666666666666 133.3333333333333 99.70010049713976)
(133.3333333333333 133.3333333333333 99.70010049713976)
(200 133.3333333333333 99.70010049713976)
(0 200 99.70010049713976)
(66.66666666666666 200 99.70010049713973)
(133.3333333333333 200 99.70010049713976)
(200 200 99.70010049713976)
(0 0 104.5499082213285)
(66.66666666666666 0 104.5499082213285)
(133.3333333333333 0 104.5499082213285)
(200 0 104.5499082213285)
(0 66.66666666666666 104.5499082213285)
(66.66666666666667 66.66666666666667 104.5499082213286)
(133.3333333333333 66.66666666666666 104.5499082213286)
(200 66.66666666666666 104.5499082213285)
(0 133.3333333333333 104.5499082213285)
(66.66666666666666 133.3333333333333 104.5499082213285)
(133.3333333333333 133.3333333333333 104.5499082213285)
(200 133.3333333333333 104.5499082213285)
(0 200 104.5499082213285)
(66.66666666666666 200 104.5499082213285)
(133.3333333333333 200 104.5499082213285)
(200 200 104.5499082213285)
(0 0 109.5352351094324)
(66.66666666666667 0 109.5352351094324)
(133.3333333333333 0 109.5352351094324)
(200 0 109.5352351094324)
(0 66.66666666666667 109.5352351094324)
(66.66666666666667 66.66666666666666 109.5352351094324)
(133.3333333333333 66.66666666666667 109.5352351094324)
(200 66.66666666666667 109.5352351094324)
(0 133.3333333333333 109.5352351094324)
(66.66666666666667 133.3333333333333 109.5352351094324)
(133.3333333333333 133.3333333333333 109.5352351094324)
(200 133.3333333333333 109.5352351094324)
(0 200 109.5352351094324)
(66.66666666666667 200 109.5352351094324)
(133.3333333333333 200 109.5352351094324)
(200 200 109.5352351094324)
(0 0 114.6598680010197)
(66.66666666666666 0 114.6598680010197)
(133.3333333333333 0 114.6598680010197)
(200 0 114.6598680010197)
(0 66.66666666666666 114.6598680010197)
(66.66666666666667 66.66666666666667 114.6598680010197)
(133.3333333333333 66.66666666666667 114.6598680010197)
(200 66.66666666666666 114.6598680010197)
(0 133.3333333333333 114.6598680010197)
(66.66666666666667 133.3333333333333 114.6598680010197)
(133.3333333333333 133.3333333333333 114.6598680010197)
(200 133.3333333333333 114.6598680010197)
(0 200 114.6598680010197)
(66.66666666666666 200 114.6598680010197)
(133.3333333333333 200 114.6598680010197)
(200 200 114.6598680010197)
(0 0 119.9276995520871)
(66.66666666666666 0 119.9276995520871)
(133.3333333333333 0 119.9276995520871)
(200 0 119.9276995520871)
(0 66.66666666666666 119.9276995520871)
(66.66666666666667 66.66666666666666 119.9276995520871)
(133.3333333333333 66.66666666666667 119.9276995520871)
(200 66.66666666666666 119.9276995520871)
(0 133.3333333333333 119.9276995520871)
(66.66666666666667 133.3333333333333 119.9276995520871)
(133.3333333333333 133.3333333333333 119.9276995520871)
(200 133.3333333333333 119.9276995520871)
(0 200 119.9276995520871)
(66.66666666666666 200 119.9276995520871)
(133.3333333333333 200 119.9276995520871)
(200 200 119.9276995520871)
(0 0 125.3427311919097)
(66.66666666666666 0 125.3427311919096)
(133.3333333333333 0 125.3427311919097)
(200 0 125.3427311919097)
(0 66.66666666666666 125.3427311919096)
(66.66666666666664 66.66666666666664 125.3427311919096)
(133.3333333333333 66.66666666666667 125.3427311919096)
(200 66.66666666666666 125.3427311919096)
(0 133.3333333333333 125.3427311919097)
(66.66666666666667 133.3333333333333 125.3427311919096)
(133.3333333333333 133.3333333333333 125.3427311919097)
(200 133.3333333333333 125.3427311919097)
(0 200 125.3427311919097)
(66.66666666666666 200 125.3427311919096)
(133.3333333333333 200 125.3427311919097)
(200 200 125.3427311919097)
(0 0 130.909076162515)
(66.66666666666666 0 130.909076162515)
(133.3333333333333 0 130.909076162515)
(200 0 130.909076162515)
(0 66.66666666666666 130.909076162515)
(66.66666666666667 66.66666666666664 130.909076162515)
(133.3333333333333 66.66666666666667 130.909076162515)
(200 66.66666666666666 130.909076162515)
(0 133.3333333333333 130.909076162515)
(66.66666666666667 133.3333333333333 130.909076162515)
(133.3333333333333 133.3333333333333 130.909076162515)
(200 133.3333333333333 130.909076162515)
(0 200 130.909076162515)
(66.66666666666666 200 130.909076162515)
(133.3333333333333 200 130.909076162515)
(200 200 130.909076162515)
(0 0 136.6309626430894)
(66.66666666666666 0 136.6309626430894)
(133.3333333333333 0 136.6309626430894)
(200 0 136.6309626430894)
(0 66.66666666666666 136.6309626430894)
(66.66666666666667 66.66666666666667 136.6309626430894)
(133.3333333333333 66.66666666666664 136.6309626430894)
(200 66.66666666666666 136.6309626430894)
(0 133.3333333333333 136.6309626430894)
(66.66666666666667 133.3333333333333 136.6309626430894)
(133.3333333333333 133.3333333333333 136.6309626430894)
(200 133.3333333333333 136.6309626430894)
(0 200 136.6309626430894)
(66.66666666666666 200 136.6309626430894)
(133.3333333333333 200 136.6309626430894)
(200 200 136.6309626430894)
(0 0 142.5127369616902)
(66.66666666666664 0 142.5127369616902)
(133.3333333333333 0 142.5127369616902)
(200 0 142.5127369616902)
(0 66.66666666666664 142.5127369616902)
(66.66666666666664 66.66666666666664 142.5127369616902)
(133.3333333333333 66.66666666666664 142.5127369616902)
(200 66.66666666666664 142.5127369616902)
(0 133.3333333333333 142.5127369616902)
(66.66666666666664 133.3333333333333 142.5127369616902)
(133.3333333333333 133.3333333333333 142.5127369616902)
(200 133.3333333333333 142.5127369616902)
(0 200 142.5127369616902)
(66.66666666666664 200 142.5127369616902)
(133.3333333333333 200 142.5127369616902)
(200 200 142.5127369616902)
(0 0 148.5588668967042)
(66.66666666666666 0 148.5588668967042)
(133.3333333333333 0 148.5588668967042)
(200 0 148.5588668967042)
(0 66.66666666666666 148.5588668967042)
(66.66666666666667 66.66666666666667 148.5588668967042)
(133.3333333333333 66.66666666666666 148.5588668967042)
(200 66.66666666666666 148.5588668967042)
(0 133.3333333333333 148.5588668967042)
(66.66666666666667 133.3333333333333 148.5588668967042)
(133.3333333333333 133.3333333333333 148.5588668967042)
(200 133.3333333333333 148.5588668967042)
(0 200 148.5588668967042)
(66.66666666666666 200 148.5588668967042)
(133.3333333333333 200 148.5588668967042)
(200 200 148.5588668967042)
(0 0 154.7739450705585)
(66.66666666666664 0 154.7739450705585)
(133.3333333333333 0 154.7739450705585)
(200 0 154.7739450705585)
(0 66.66666666666664 154.7739450705585)
(66.66666666666664 66.66666666666667 154.7739450705585)
(133.3333333333333 66.66666666666666 154.7739450705585)
(200 66.66666666666664 154.7739450705585)
(0 133.3333333333333 154.7739450705585)
(66.66666666666666 133.3333333333333 154.7739450705585)
(133.3333333333333 133.3333333333333 154.7739450705585)
(200 133.3333333333333 154.7739450705585)
(0 200 154.7739450705585)
(66.66666666666664 200 154.7739450705585)
(133.3333333333333 200 154.7739450705585)
(200 200 154.7739450705585)
(0 0 161.1626924382629)
(66.66666666666667 0 161.1626924382629)
(133.3333333333333 0 161.1626924382629)
(200 0 161.1626924382629)
(0 66.66666666666667 161.1626924382629)
(66.66666666666667 66.66666666666666 161.1626924382629)
(133.3333333333333 66.66666666666667 161.1626924382628)
(200 66.66666666666667 161.1626924382629)
(0 133.3333333333333 161.1626924382629)
(66.66666666666667 133.3333333333333 161.1626924382629)
(133.3333333333333 133.3333333333333 161.1626924382628)
(200 133.3333333333333 161.1626924382629)
(0 200 161.1626924382629)
(66.66666666666667 200 161.1626924382629)
(133.3333333333333 200 161.1626924382629)
(200 200 161.1626924382629)
(0 0 167.7299618734335)
(66.66666666666666 0 167.7299618734336)
(133.3333333333333 0 167.7299618734335)
(200 0 167.7299618734335)
(0 66.66666666666666 167.7299618734336)
(66.66666666666664 66.66666666666666 167.7299618734336)
(133.3333333333333 66.66666666666667 167.7299618734335)
(200 66.66666666666666 167.7299618734336)
(0 133.3333333333333 167.7299618734335)
(66.66666666666667 133.3333333333333 167.7299618734336)
(133.3333333333333 133.3333333333333 167.7299618734336)
(200 133.3333333333333 167.7299618734335)
(0 200 167.7299618734335)
(66.66666666666666 200 167.7299618734336)
(133.3333333333333 200 167.7299618734335)
(200 200 167.7299618734335)
(0 0 174.4807418545215)
(66.66666666666666 0 174.4807418545215)
(133.3333333333333 0 174.4807418545215)
(200 0 174.4807418545215)
(0 66.66666666666666 174.4807418545215)
(66.66666666666667 66.66666666666667 174.4807418545215)
(133.3333333333333 66.66666666666666 174.4807418545215)
(200 66.66666666666666 174.4807418545215)
(0 133.3333333333333 174.4807418545215)
(66.66666666666667 133.3333333333333 174.4807418545215)
(133.3333333333333 133.3333333333333 174.4807418545215)
(200 133.3333333333333 174.4807418545215)
(0 200 174.4807418545215)
(66.66666666666666 200 174.4807418545215)
(133.3333333333333 200 174.4807418545215)
(200 200 174.4807418545215)
(0 0 181.420160254046)
(66.66666666666666 0 181.4201602540461)
(133.3333333333333 0 181.4201602540461)
(200 0 181.420160254046)
(0 66.66666666666666 181.4201602540461)
(66.66666666666667 66.66666666666667 181.4201602540461)
(133.3333333333333 66.66666666666664 181.4201602540461)
(200 66.66666666666666 181.4201602540461)
(0 133.3333333333333 181.4201602540461)
(66.66666666666666 133.3333333333333 181.4201602540461)
(133.3333333333333 133.3333333333333 181.4201602540461)
(200 133.3333333333333 181.4201602540461)
(0 200 181.420160254046)
(66.66666666666666 200 181.4201602540461)
(133.3333333333333 200 181.420160254046)
(200 200 181.420160254046)
(0 0 188.5534882337113)
(66.66666666666666 0 188.5534882337113)
(133.3333333333333 0 188.5534882337113)
(200 0 188.5534882337113)
(0 66.66666666666666 188.5534882337113)
(66.66666666666664 66.66666666666664 188.5534882337113)
(133.3333333333333 66.66666666666664 188.5534882337113)
(200 66.66666666666666 188.5534882337113)
(0 133.3333333333333 188.5534882337113)
(66.66666666666664 133.3333333333333 188.5534882337114)
(133.3333333333333 133.3333333333333 188.5534882337114)
(200 133.3333333333333 188.5534882337113)
(0 200 188.5534882337113)
(66.66666666666666 200 188.5534882337113)
(133.3333333333333 200 188.5534882337113)
(200 200 188.5534882337113)
(0 0 195.8861442483655)
(66.66666666666664 0 195.8861442483655)
(133.3333333333333 0 195.8861442483655)
(200 0 195.8861442483655)
(0 66.66666666666664 195.8861442483655)
(66.66666666666664 66.66666666666664 195.8861442483655)
(133.3333333333333 66.66666666666664 195.8861442483655)
(200 66.66666666666664 195.8861442483655)
(0 133.3333333333333 195.8861442483655)
(66.66666666666667 133.3333333333333 195.8861442483655)
(133.3333333333333 133.3333333333333 195.8861442483655)
(200 133.3333333333333 195.8861442483655)
(0 200 195.8861442483655)
(66.66666666666664 200 195.8861442483655)
(133.3333333333333 200 195.8861442483655)
(200 200 195.8861442483655)
(0 0 203.423698161843)
(66.66666666666666 0 203.4236981618431)
(133.3333333333333 0 203.4236981618431)
(200 0 203.423698161843)
(0 66.66666666666666 203.4236981618431)
(66.66666666666667 66.66666666666669 203.423698161843)
(133.3333333333333 66.66666666666667 203.423698161843)
(200 66.66666666666666 203.4236981618431)
(0 133.3333333333333 203.4236981618431)
(66.66666666666666 133.3333333333333 203.423698161843)
(133.3333333333333 133.3333333333334 203.4236981618431)
(200 133.3333333333333 203.4236981618431)
(0 200 203.423698161843)
(66.66666666666666 200 203.423698161843)
(133.3333333333333 200 203.4236981618431)
(200 200 203.423698161843)
(0 0 211.1718754778165)
(66.66666666666666 0 211.1718754778165)
(133.3333333333333 0 211.1718754778165)
(200 0 211.1718754778165)
(0 66.66666666666666 211.1718754778165)
(66.66666666666667 66.66666666666667 211.1718754778165)
(133.3333333333333 66.66666666666666 211.1718754778165)
(200 66.66666666666666 211.1718754778165)
(0 133.3333333333333 211.1718754778165)
(66.66666666666667 133.3333333333333 211.1718754778165)
(133.3333333333333 133.3333333333333 211.1718754778165)
(200 133.3333333333333 211.1718754778165)
(0 200 211.1718754778165)
(66.66666666666666 200 211.1718754778165)
(133.3333333333333 200 211.1718754778165)
(200 200 211.1718754778165)
(0 0 219.1365616888725)
(66.66666666666666 0 219.1365616888725)
(133.3333333333333 0 219.1365616888725)
(200 0 219.1365616888725)
(0 66.66666666666666 219.1365616888725)
(66.66666666666664 66.66666666666666 219.1365616888725)
(133.3333333333333 66.66666666666667 219.1365616888725)
(200 66.66666666666666 219.1365616888725)
(0 133.3333333333333 219.1365616888725)
(66.66666666666667 133.3333333333333 219.1365616888725)
(133.3333333333333 133.3333333333333 219.1365616888725)
(200 133.3333333333333 219.1365616888725)
(0 200 219.1365616888725)
(66.66666666666666 200 219.1365616888725)
(133.3333333333333 200 219.1365616888725)
(200 200 219.1365616888725)
(0 0 227.3238067471144)
(66.66666666666664 0 227.3238067471145)
(133.3333333333333 0 227.3238067471144)
(200 0 227.3238067471144)
(0 66.66666666666664 227.3238067471145)
(66.66666666666664 66.66666666666667 227.3238067471144)
(133.3333333333333 66.66666666666664 227.3238067471144)
(200 66.66666666666664 227.3238067471145)
(0 133.3333333333333 227.3238067471144)
(66.66666666666664 133.3333333333333 227.3238067471144)
(133.3333333333333 133.3333333333333 227.3238067471144)
(200 133.3333333333333 227.3238067471144)
(0 200 227.3238067471144)
(66.66666666666664 200 227.3238067471144)
(133.3333333333333 200 227.3238067471144)
(200 200 227.3238067471144)
(0 0 235.7398296596881)
(66.66666666666666 0 235.7398296596881)
(133.3333333333333 0 235.7398296596882)
(200 0 235.7398296596881)
(0 66.66666666666666 235.7398296596881)
(66.66666666666667 66.66666666666667 235.7398296596881)
(133.3333333333333 66.66666666666667 235.7398296596881)
(200 66.66666666666666 235.7398296596881)
(0 133.3333333333333 235.7398296596882)
(66.66666666666666 133.3333333333333 235.7398296596881)
(133.3333333333333 133.3333333333333 235.7398296596881)
(200 133.3333333333333 235.7398296596882)
(0 200 235.7398296596881)
(66.66666666666666 200 235.7398296596881)
(133.3333333333333 200 235.7398296596882)
(200 200 235.7398296596881)
(0 0 244.3910232127213)
(66.66666666666666 0 244.3910232127213)
(133.3333333333333 0 244.3910232127213)
(200 0 244.3910232127213)
(0 66.66666666666666 244.3910232127213)
(66.66666666666667 66.66666666666667 244.3910232127213)
(133.3333333333333 66.66666666666667 244.3910232127213)
(200 66.66666666666666 244.3910232127213)
(0 133.3333333333333 244.3910232127213)
(66.66666666666667 133.3333333333333 244.3910232127213)
(133.3333333333333 133.3333333333333 244.3910232127213)
(200 133.3333333333333 244.3910232127213)
(0 200 244.3910232127213)
(66.66666666666666 200 244.3910232127213)
(133.3333333333333 200 244.3910232127213)
(200 200 244.3910232127213)
(0 0 253.283958827265)
(66.66666666666666 0 253.283958827265)
(133.3333333333333 0 253.283958827265)
(200 0 253.283958827265)
(0 66.66666666666666 253.283958827265)
(66.66666666666667 66.66666666666667 253.283958827265)
(133.3333333333333 66.66666666666666 253.283958827265)
(200 66.66666666666666 253.283958827265)
(0 133.3333333333333 253.283958827265)
(66.66666666666666 133.3333333333333 253.283958827265)
(133.3333333333333 133.3333333333333 253.283958827265)
(200 133.3333333333333 253.283958827265)
(0 200 253.283958827265)
(66.66666666666666 200 253.283958827265)
(133.3333333333333 200 253.283958827265)
(200 200 253.283958827265)
(0 0 262.4253915509256)
(66.66666666666667 0 262.4253915509257)
(133.3333333333333 0 262.4253915509256)
(200 0 262.4253915509256)
(0 66.66666666666667 262.4253915509257)
(66.66666666666667 66.66666666666664 262.4253915509256)
(133.3333333333333 66.66666666666666 262.4253915509256)
(200 66.66666666666667 262.4253915509257)
(0 133.3333333333333 262.4253915509256)
(66.66666666666667 133.3333333333333 262.4253915509256)
(133.3333333333333 133.3333333333333 262.4253915509256)
(200 133.3333333333333 262.4253915509256)
(0 200 262.4253915509256)
(66.66666666666667 200 262.4253915509257)
(133.3333333333333 200 262.4253915509256)
(200 200 262.4253915509256)
(0 0 271.8222651889792)
(66.66666666666666 0 271.8222651889792)
(133.3333333333333 0 271.8222651889792)
(200 0 271.8222651889792)
(0 66.66666666666666 271.8222651889792)
(66.66666666666667 66.66666666666667 271.8222651889792)
(133.3333333333333 66.66666666666667 271.8222651889792)
(200 66.66666666666666 271.8222651889792)
(0 133.3333333333333 271.8222651889792)
(66.66666666666667 133.3333333333333 271.8222651889792)
(133.3333333333333 133.3333333333333 271.8222651889792)
(200 133.3333333333333 271.8222651889792)
(0 200 271.8222651889792)
(66.66666666666666 200 271.8222651889792)
(133.3333333333333 200 271.8222651889792)
(200 200 271.8222651889792)
(0 0 281.4817175788654)
(66.66666666666666 0 281.4817175788655)
(133.3333333333333 0 281.4817175788654)
(200 0 281.4817175788654)
(0 66.66666666666666 281.4817175788655)
(66.66666666666664 66.66666666666666 281.4817175788654)
(133.3333333333333 66.66666666666667 281.4817175788654)
(200 66.66666666666666 281.4817175788655)
(0 133.3333333333333 281.4817175788654)
(66.66666666666667 133.3333333333333 281.4817175788654)
(133.3333333333333 133.3333333333333 281.4817175788655)
(200 133.3333333333333 281.4817175788654)
(0 200 281.4817175788654)
(66.66666666666666 200 281.4817175788655)
(133.3333333333333 200 281.4817175788654)
(200 200 281.4817175788654)
(0 0 291.4110860120674)
(66.66666666666666 0 291.4110860120674)
(133.3333333333333 0 291.4110860120674)
(200 0 291.4110860120674)
(0 66.66666666666666 291.4110860120674)
(66.66666666666667 66.66666666666667 291.4110860120674)
(133.3333333333333 66.66666666666667 291.4110860120674)
(200 66.66666666666666 291.4110860120674)
(0 133.3333333333333 291.4110860120674)
(66.66666666666667 133.3333333333333 291.4110860120675)
(133.3333333333333 133.3333333333333 291.4110860120674)
(200 133.3333333333333 291.4110860120674)
(0 200 291.4110860120674)
(66.66666666666666 200 291.4110860120674)
(133.3333333333333 200 291.4110860120674)
(200 200 291.4110860120674)
(0 0 301.6179128074972)
(66.66666666666666 0 301.6179128074972)
(133.3333333333333 0 301.6179128074972)
(200 0 301.6179128074972)
(0 66.66666666666666 301.6179128074972)
(66.66666666666667 66.66666666666667 301.6179128074971)
(133.3333333333333 66.66666666666666 301.6179128074971)
(200 66.66666666666666 301.6179128074972)
(0 133.3333333333333 301.6179128074972)
(66.66666666666666 133.3333333333333 301.6179128074971)
(133.3333333333333 133.3333333333333 301.6179128074972)
(200 133.3333333333333 301.6179128074972)
(0 200 301.6179128074972)
(66.66666666666666 200 301.6179128074972)
(133.3333333333333 200 301.6179128074972)
(200 200 301.6179128074972)
(0 0 312.1099510406185)
(66.66666666666666 0 312.1099510406186)
(133.3333333333333 0 312.1099510406185)
(200 0 312.1099510406185)
(0 66.66666666666666 312.1099510406186)
(66.66666666666667 66.66666666666667 312.1099510406185)
(133.3333333333333 66.66666666666666 312.1099510406185)
(200 66.66666666666666 312.1099510406186)
(0 133.3333333333333 312.1099510406185)
(66.66666666666666 133.3333333333333 312.1099510406185)
(133.3333333333333 133.3333333333333 312.1099510406185)
(200 133.3333333333333 312.1099510406185)
(0 200 312.1099510406185)
(66.66666666666666 200 312.1099510406186)
(133.3333333333333 200 312.1099510406185)
(200 200 312.1099510406185)
(0 0 322.8951704326601)
(66.66666666666666 0 322.8951704326601)
(133.3333333333333 0 322.8951704326601)
(200 0 322.8951704326601)
(0 66.66666666666666 322.8951704326601)
(66.66666666666664 66.66666666666666 322.89517043266)
(133.3333333333333 66.66666666666667 322.8951704326601)
(200 66.66666666666666 322.8951704326601)
(0 133.3333333333333 322.8951704326601)
(66.66666666666667 133.3333333333333 322.8951704326601)
(133.3333333333333 133.3333333333333 322.8951704326601)
(200 133.3333333333333 322.8951704326601)
(0 200 322.8951704326601)
(66.66666666666666 200 322.8951704326601)
(133.3333333333333 200 322.8951704326601)
(200 200 322.8951704326601)
(0 0 333.9817634043924)
(66.66666666666667 0 333.9817634043925)
(133.3333333333333 0 333.9817634043924)
(200 0 333.9817634043924)
(0 66.66666666666667 333.9817634043925)
(66.66666666666667 66.66666666666666 333.9817634043924)
(133.3333333333333 66.66666666666667 333.9817634043925)
(200 66.66666666666667 333.9817634043925)
(0 133.3333333333333 333.9817634043924)
(66.66666666666667 133.3333333333333 333.9817634043925)
(133.3333333333333 133.3333333333333 333.9817634043924)
(200 133.3333333333333 333.9817634043924)
(0 200 333.9817634043924)
(66.66666666666667 200 333.9817634043925)
(133.3333333333333 200 333.9817634043924)
(200 200 333.9817634043924)
(0 0 345.3781512990665)
(66.66666666666666 0 345.3781512990664)
(133.3333333333333 0 345.3781512990664)
(200 0 345.3781512990665)
(0 66.66666666666666 345.3781512990664)
(66.66666666666664 66.66666666666666 345.3781512990664)
(133.3333333333333 66.66666666666667 345.3781512990664)
(200 66.66666666666666 345.3781512990664)
(0 133.3333333333333 345.3781512990664)
(66.66666666666667 133.3333333333333 345.3781512990664)
(133.3333333333333 133.3333333333333 345.3781512990664)
(200 133.3333333333333 345.3781512990664)
(0 200 345.3781512990665)
(66.66666666666666 200 345.3781512990664)
(133.3333333333333 200 345.3781512990664)
(200 200 345.3781512990665)
(0 0 357.0929907792406)
(66.66666666666666 0 357.0929907792406)
(133.3333333333333 0 357.0929907792406)
(200 0 357.0929907792406)
(0 66.66666666666666 357.0929907792406)
(66.66666666666664 66.66666666666664 357.0929907792406)
(133.3333333333333 66.66666666666667 357.0929907792406)
(200 66.66666666666666 357.0929907792406)
(0 133.3333333333333 357.0929907792406)
(66.66666666666667 133.3333333333333 357.0929907792406)
(133.3333333333333 133.3333333333333 357.0929907792406)
(200 133.3333333333333 357.0929907792406)
(0 200 357.0929907792406)
(66.66666666666666 200 357.0929907792406)
(133.3333333333333 200 357.0929907792406)
(200 200 357.0929907792406)
(0 0 369.1351804023565)
(66.66666666666667 0 369.1351804023565)
(133.3333333333333 0 369.1351804023566)
(200 0 369.1351804023565)
(0 66.66666666666667 369.1351804023565)
(66.66666666666667 66.66666666666667 369.1351804023565)
(133.3333333333333 66.66666666666667 369.1351804023565)
(200 66.66666666666667 369.1351804023565)
(0 133.3333333333333 369.1351804023566)
(66.66666666666667 133.3333333333333 369.1351804023566)
(133.3333333333333 133.3333333333333 369.1351804023564)
(200 133.3333333333333 369.1351804023566)
(0 200 369.1351804023565)
(66.66666666666667 200 369.1351804023566)
(133.3333333333333 200 369.1351804023565)
(200 200 369.1351804023565)
(0 0 381.5138673800568)
(66.66666666666666 0 381.5138673800568)
(133.3333333333333 0 381.5138673800568)
(200 0 381.5138673800568)
(0 66.66666666666667 381.5138673800568)
(66.66666666666664 66.66666666666667 381.5138673800568)
(133.3333333333333 66.66666666666667 381.5138673800568)
(200 66.66666666666667 381.5138673800568)
(0 133.3333333333333 381.5138673800568)
(66.66666666666667 133.3333333333333 381.5138673800569)
(133.3333333333333 133.3333333333333 381.5138673800568)
(200 133.3333333333333 381.5138673800568)
(0 200 381.5138673800568)
(66.66666666666666 200 381.5138673800568)
(133.3333333333333 200 381.5138673800568)
(200 200 381.5138673800568)
(0 0 394.2384545263799)
(66.66666666666666 0 394.2384545263799)
(133.3333333333333 0 394.2384545263799)
(200 0 394.2384545263799)
(0 66.66666666666666 394.2384545263799)
(66.66666666666664 66.66666666666667 394.2384545263799)
(133.3333333333333 66.66666666666667 394.2384545263799)
(200 66.66666666666666 394.2384545263799)
(0 133.3333333333333 394.2384545263799)
(66.66666666666667 133.3333333333333 394.2384545263799)
(133.3333333333333 133.3333333333333 394.2384545263798)
(200 133.3333333333333 394.2384545263799)
(0 200 394.2384545263799)
(66.66666666666666 200 394.2384545263799)
(133.3333333333333 200 394.2384545263799)
(200 200 394.2384545263799)
(0 0 407.31860740011)
(66.66666666666666 0 407.3186074001101)
(133.3333333333333 0 407.31860740011)
(200 0 407.31860740011)
(0 66.66666666666666 407.3186074001101)
(66.66666666666664 66.66666666666666 407.3186074001101)
(133.3333333333333 66.66666666666667 407.3186074001101)
(200 66.66666666666666 407.3186074001101)
(0 133.3333333333333 407.31860740011)
(66.66666666666667 133.3333333333333 407.3186074001101)
(133.3333333333333 133.3333333333333 407.31860740011)
(200 133.3333333333333 407.31860740011)
(0 200 407.31860740011)
(66.66666666666666 200 407.3186074001101)
(133.3333333333333 200 407.31860740011)
(200 200 407.31860740011)
(0 0 420.7642616467067)
(66.66666666666666 0 420.7642616467067)
(133.3333333333333 0 420.7642616467068)
(200 0 420.7642616467067)
(0 66.66666666666666 420.7642616467067)
(66.66666666666667 66.66666666666667 420.7642616467068)
(133.3333333333333 66.66666666666666 420.7642616467067)
(200 66.66666666666666 420.7642616467067)
(0 133.3333333333333 420.7642616467068)
(66.66666666666666 133.3333333333333 420.7642616467068)
(133.3333333333333 133.3333333333333 420.7642616467067)
(200 133.3333333333333 420.7642616467068)
(0 200 420.7642616467067)
(66.66666666666666 200 420.7642616467068)
(133.3333333333333 200 420.7642616467068)
(200 200 420.7642616467067)
(0 0 434.5856305453921)
(66.66666666666666 0 434.5856305453922)
(133.3333333333333 0 434.5856305453922)
(200 0 434.5856305453921)
(0 66.66666666666666 434.5856305453922)
(66.66666666666667 66.66666666666667 434.5856305453922)
(133.3333333333333 66.66666666666667 434.5856305453922)
(200 66.66666666666666 434.5856305453922)
(0 133.3333333333333 434.5856305453922)
(66.66666666666667 133.3333333333333 434.5856305453921)
(133.3333333333333 133.3333333333333 434.585630545392)
(200 133.3333333333333 434.5856305453922)
(0 200 434.5856305453921)
(66.66666666666666 200 434.5856305453922)
(133.3333333333333 200 434.5856305453922)
(200 200 434.5856305453921)
(0 0 448.7932127671276)
(66.66666666666666 0 448.7932127671277)
(133.3333333333333 0 448.7932127671277)
(200 0 448.7932127671276)
(0 66.66666666666666 448.7932127671277)
(66.66666666666667 66.66666666666667 448.7932127671276)
(133.3333333333333 66.66666666666666 448.7932127671275)
(200 66.66666666666666 448.7932127671277)
(0 133.3333333333333 448.7932127671276)
(66.66666666666666 133.3333333333333 448.7932127671276)
(133.3333333333333 133.3333333333333 448.7932127671277)
(200 133.3333333333333 448.7932127671276)
(0 200 448.7932127671276)
(66.66666666666666 200 448.7932127671277)
(133.3333333333333 200 448.7932127671277)
(200 200 448.7932127671276)
(0 0 463.397800349373)
(66.66666666666667 0 463.397800349373)
(133.3333333333333 0 463.397800349373)
(200 0 463.397800349373)
(0 66.66666666666667 463.397800349373)
(66.66666666666667 66.66666666666666 463.397800349373)
(133.3333333333333 66.66666666666667 463.397800349373)
(200 66.66666666666667 463.397800349373)
(0 133.3333333333333 463.397800349373)
(66.66666666666667 133.3333333333333 463.397800349373)
(133.3333333333333 133.3333333333333 463.397800349373)
(200 133.3333333333333 463.397800349373)
(0 200 463.397800349373)
(66.66666666666667 200 463.397800349373)
(133.3333333333333 200 463.397800349373)
(200 200 463.397800349373)
(0 0 478.4104868936865)
(66.66666666666666 0 478.4104868936865)
(133.3333333333333 0 478.4104868936865)
(200 0 478.4104868936865)
(0 66.66666666666666 478.4104868936865)
(66.66666666666667 66.66666666666667 478.4104868936865)
(133.3333333333333 66.66666666666666 478.4104868936865)
(200 66.66666666666666 478.4104868936865)
(0 133.3333333333333 478.4104868936865)
(66.66666666666666 133.3333333333333 478.4104868936865)
(133.3333333333333 133.3333333333333 478.4104868936865)
(200 133.3333333333333 478.4104868936865)
(0 200 478.4104868936865)
(66.66666666666666 200 478.4104868936865)
(133.3333333333333 200 478.4104868936865)
(200 200 478.4104868936865)
(0 0 493.8426759923916)
(66.66666666666664 0 493.8426759923915)
(133.3333333333333 0 493.8426759923915)
(200 0 493.8426759923916)
(0 66.66666666666664 493.8426759923915)
(66.66666666666664 66.66666666666664 493.8426759923915)
(133.3333333333333 66.66666666666667 493.8426759923916)
(200 66.66666666666664 493.8426759923915)
(0 133.3333333333333 493.8426759923915)
(66.66666666666667 133.3333333333333 493.8426759923915)
(133.3333333333333 133.3333333333333 493.8426759923917)
(200 133.3333333333333 493.8426759923915)
(0 200 493.8426759923916)
(66.66666666666664 200 493.8426759923915)
(133.3333333333333 200 493.8426759923915)
(200 200 493.8426759923916)
(0 0 509.7060898907122)
(66.66666666666666 0 509.7060898907122)
(133.3333333333333 0 509.7060898907122)
(200 0 509.7060898907122)
(0 66.66666666666666 509.7060898907122)
(66.66666666666667 66.66666666666667 509.7060898907121)
(133.3333333333333 66.66666666666666 509.7060898907121)
(200 66.66666666666666 509.7060898907122)
(0 133.3333333333333 509.7060898907122)
(66.66666666666666 133.3333333333333 509.7060898907121)
(133.3333333333333 133.3333333333333 509.7060898907121)
(200 133.3333333333333 509.7060898907122)
(0 200 509.7060898907122)
(66.66666666666666 200 509.7060898907121)
(133.3333333333333 200 509.7060898907122)
(200 200 509.7060898907122)
(0 0 526.0127783909553)
(66.66666666666666 0 526.0127783909553)
(133.3333333333333 0 526.0127783909553)
(200 0 526.0127783909553)
(0 66.66666666666666 526.0127783909553)
(66.66666666666664 66.66666666666667 526.0127783909553)
(133.3333333333333 66.66666666666667 526.0127783909553)
(200 66.66666666666666 526.0127783909553)
(0 133.3333333333333 526.0127783909553)
(66.66666666666667 133.3333333333333 526.0127783909553)
(133.3333333333333 133.3333333333333 526.0127783909553)
(200 133.3333333333333 526.0127783909553)
(0 200 526.0127783909553)
(66.66666666666666 200 526.0127783909553)
(133.3333333333333 200 526.0127783909553)
(200 200 526.0127783909553)
(0 0 542.7751280055052)
(66.66666666666664 0 542.7751280055051)
(133.3333333333333 0 542.7751280055051)
(200 0 542.7751280055052)
(0 66.66666666666666 542.7751280055052)
(66.66666666666664 66.66666666666666 542.7751280055051)
(133.3333333333333 66.66666666666667 542.7751280055052)
(200 66.66666666666666 542.7751280055052)
(0 133.3333333333333 542.7751280055051)
(66.66666666666667 133.3333333333333 542.7751280055052)
(133.3333333333333 133.3333333333333 542.7751280055053)
(200 133.3333333333333 542.7751280055051)
(0 200 542.7751280055052)
(66.66666666666664 200 542.7751280055051)
(133.3333333333333 200 542.7751280055051)
(200 200 542.7751280055052)
(0 0 560.0058713655817)
(66.66666666666666 0 560.0058713655817)
(133.3333333333333 0 560.0058713655817)
(200 0 560.0058713655817)
(0 66.66666666666667 560.0058713655817)
(66.66666666666667 66.66666666666667 560.0058713655816)
(133.3333333333333 66.66666666666666 560.0058713655816)
(200 66.66666666666667 560.0058713655817)
(0 133.3333333333333 560.0058713655817)
(66.66666666666667 133.3333333333333 560.0058713655818)
(133.3333333333333 133.3333333333333 560.0058713655816)
(200 133.3333333333333 560.0058713655817)
(0 200 560.0058713655817)
(66.66666666666666 200 560.0058713655817)
(133.3333333333333 200 560.0058713655816)
(200 200 560.0058713655817)
(0 0 577.7180968929096)
(66.66666666666666 0 577.7180968929096)
(133.3333333333333 0 577.7180968929096)
(200 0 577.7180968929096)
(0 66.66666666666666 577.7180968929096)
(66.66666666666664 66.66666666666667 577.7180968929094)
(133.3333333333333 66.66666666666667 577.7180968929096)
(200 66.66666666666666 577.7180968929096)
(0 133.3333333333333 577.7180968929096)
(66.66666666666667 133.3333333333333 577.7180968929096)
(133.3333333333333 133.3333333333333 577.7180968929096)
(200 133.3333333333333 577.7180968929096)
(0 200 577.7180968929096)
(66.66666666666666 200 577.7180968929094)
(133.3333333333333 200 577.7180968929096)
(200 200 577.7180968929096)
(0 0 595.9252587416439)
(66.66666666666666 0 595.9252587416439)
(133.3333333333333 0 595.9252587416439)
(200 0 595.9252587416439)
(0 66.66666666666666 595.925258741644)
(66.66666666666664 66.66666666666666 595.9252587416439)
(133.3333333333333 66.66666666666667 595.925258741644)
(200 66.66666666666666 595.925258741644)
(0 133.3333333333333 595.9252587416439)
(66.66666666666667 133.3333333333333 595.9252587416439)
(133.3333333333333 133.3333333333333 595.9252587416439)
(200 133.3333333333333 595.9252587416439)
(0 200 595.9252587416439)
(66.66666666666666 200 595.9252587416439)
(133.3333333333333 200 595.9252587416439)
(200 200 595.9252587416439)
(0 0 614.6411870181074)
(66.66666666666666 0 614.6411870181074)
(133.3333333333333 0 614.6411870181074)
(200 0 614.6411870181074)
(0 66.66666666666666 614.6411870181074)
(66.66666666666667 66.66666666666667 614.6411870181075)
(133.3333333333333 66.66666666666666 614.6411870181074)
(200 66.66666666666666 614.6411870181074)
(0 133.3333333333333 614.6411870181074)
(66.66666666666664 133.3333333333333 614.6411870181074)
(133.3333333333333 133.3333333333333 614.6411870181074)
(200 133.3333333333333 614.6411870181074)
(0 200 614.6411870181074)
(66.66666666666666 200 614.6411870181074)
(133.3333333333333 200 614.6411870181074)
(200 200 614.6411870181074)
(0 0 633.880098286097)
(66.66666666666666 0 633.880098286097)
(133.3333333333333 0 633.880098286097)
(200 0 633.880098286097)
(0 66.66666666666666 633.880098286097)
(66.66666666666664 66.66666666666666 633.880098286097)
(133.3333333333333 66.66666666666667 633.880098286097)
(200 66.66666666666666 633.880098286097)
(0 133.3333333333333 633.880098286097)
(66.66666666666667 133.3333333333333 633.8800982860971)
(133.3333333333333 133.3333333333333 633.880098286097)
(200 133.3333333333333 633.880098286097)
(0 200 633.880098286097)
(66.66666666666666 200 633.8800982860971)
(133.3333333333333 200 633.880098286097)
(200 200 633.880098286097)
(0 0 653.6566063657439)
(66.66666666666666 0 653.6566063657439)
(133.3333333333333 0 653.6566063657439)
(200 0 653.6566063657439)
(0 66.66666666666666 653.6566063657439)
(66.66666666666667 66.66666666666667 653.6566063657439)
(133.3333333333333 66.66666666666667 653.6566063657439)
(200 66.66666666666666 653.6566063657439)
(0 133.3333333333333 653.6566063657439)
(66.66666666666667 133.3333333333333 653.6566063657439)
(133.3333333333333 133.3333333333333 653.6566063657439)
(200 133.3333333333333 653.6566063657439)
(0 200 653.6566063657439)
(66.66666666666666 200 653.6566063657439)
(133.3333333333333 200 653.6566063657439)
(200 200 653.6566063657439)
(0 0 673.985733434129)
(66.66666666666666 0 673.985733434129)
(133.3333333333333 0 673.985733434129)
(200 0 673.985733434129)
(0 66.66666666666666 673.985733434129)
(66.66666666666667 66.66666666666667 673.985733434129)
(133.3333333333333 66.66666666666666 673.985733434129)
(200 66.66666666666666 673.985733434129)
(0 133.3333333333333 673.985733434129)
(66.66666666666666 133.3333333333333 673.985733434129)
(133.3333333333333 133.3333333333333 673.985733434129)
(200 133.3333333333333 673.985733434129)
(0 200 673.985733434129)
(66.66666666666666 200 673.985733434129)
(133.3333333333333 200 673.985733434129)
(200 200 673.985733434129)
(0 0 694.8829214360827)
(66.66666666666666 0 694.8829214360827)
(133.3333333333333 0 694.8829214360827)
(200 0 694.8829214360827)
(0 66.66666666666666 694.8829214360827)
(66.66666666666664 66.66666666666666 694.8829214360827)
(133.3333333333333 66.66666666666667 694.8829214360827)
(200 66.66666666666666 694.8829214360827)
(0 133.3333333333333 694.8829214360827)
(66.66666666666667 133.3333333333333 694.8829214360829)
(133.3333333333333 133.3333333333333 694.8829214360827)
(200 133.3333333333333 694.8829214360827)
(0 200 694.8829214360827)
(66.66666666666666 200 694.8829214360827)
(133.3333333333333 200 694.8829214360827)
(200 200 694.8829214360827)
(0 0 716.3640438138424)
(66.66666666666667 0 716.3640438138426)
(133.3333333333333 0 716.3640438138424)
(200 0 716.3640438138424)
(0 66.66666666666666 716.3640438138426)
(66.66666666666667 66.66666666666666 716.3640438138424)
(133.3333333333333 66.66666666666667 716.3640438138424)
(200 66.66666666666666 716.3640438138426)
(0 133.3333333333333 716.3640438138424)
(66.66666666666667 133.3333333333333 716.3640438138426)
(133.3333333333333 133.3333333333333 716.3640438138426)
(200 133.3333333333333 716.3640438138424)
(0 200 716.3640438138424)
(66.66666666666667 200 716.3640438138424)
(133.3333333333333 200 716.3640438138424)
(200 200 716.3640438138424)
(0 0 738.4454175644705)
(66.66666666666666 0 738.4454175644705)
(133.3333333333333 0 738.4454175644706)
(200 0 738.4454175644705)
(0 66.66666666666666 738.4454175644705)
(66.66666666666664 66.66666666666664 738.4454175644705)
(133.3333333333333 66.66666666666667 738.4454175644706)
(200 66.66666666666666 738.4454175644705)
(0 133.3333333333333 738.4454175644705)
(66.66666666666667 133.3333333333333 738.4454175644705)
(133.3333333333333 133.3333333333333 738.4454175644705)
(200 133.3333333333333 738.4454175644705)
(0 200 738.4454175644705)
(66.66666666666666 200 738.4454175644706)
(133.3333333333333 200 738.4454175644705)
(200 200 738.4454175644705)
(0 0 761.1438156341986)
(66.66666666666666 0 761.1438156341986)
(133.3333333333333 0 761.1438156341986)
(200 0 761.1438156341986)
(0 66.66666666666666 761.1438156341987)
(66.66666666666664 66.66666666666666 761.1438156341986)
(133.3333333333333 66.66666666666667 761.1438156341987)
(200 66.66666666666666 761.1438156341987)
(0 133.3333333333333 761.1438156341986)
(66.66666666666667 133.3333333333333 761.1438156341987)
(133.3333333333333 133.3333333333333 761.1438156341987)
(200 133.3333333333333 761.1438156341986)
(0 200 761.1438156341986)
(66.66666666666666 200 761.1438156341987)
(133.3333333333333 200 761.1438156341986)
(200 200 761.1438156341986)
(0 0 784.4764796591068)
(66.66666666666664 0 784.4764796591066)
(133.3333333333333 0 784.4764796591068)
(200 0 784.4764796591068)
(0 66.66666666666666 784.4764796591066)
(66.66666666666664 66.66666666666666 784.4764796591068)
(133.3333333333333 66.66666666666667 784.476479659107)
(200 66.66666666666666 784.4764796591066)
(0 133.3333333333333 784.4764796591068)
(66.66666666666667 133.3333333333333 784.4764796591068)
(133.3333333333333 133.3333333333333 784.4764796591068)
(200 133.3333333333333 784.4764796591068)
(0 200 784.4764796591068)
(66.66666666666664 200 784.4764796591066)
(133.3333333333333 200 784.4764796591066)
(200 200 784.4764796591068)
(0 0 808.4611330618203)
(66.66666666666666 0 808.4611330618203)
(133.3333333333333 0 808.4611330618203)
(200 0 808.4611330618203)
(0 66.66666666666666 808.4611330618203)
(66.66666666666664 66.66666666666666 808.4611330618201)
(133.3333333333333 66.66666666666667 808.4611330618203)
(200 66.66666666666666 808.4611330618203)
(0 133.3333333333333 808.4611330618203)
(66.66666666666667 133.3333333333333 808.4611330618203)
(133.3333333333333 133.3333333333333 808.4611330618201)
(200 133.3333333333333 808.4611330618203)
(0 200 808.4611330618203)
(66.66666666666666 200 808.4611330618203)
(133.3333333333333 200 808.4611330618203)
(200 200 808.4611330618203)
(0 0 833.1159945141679)
(66.66666666666666 0 833.1159945141681)
(133.3333333333333 0 833.1159945141681)
(200 0 833.1159945141679)
(0 66.66666666666666 833.1159945141681)
(66.66666666666667 66.66666666666667 833.1159945141681)
(133.3333333333333 66.66666666666664 833.1159945141681)
(200 66.66666666666666 833.1159945141681)
(0 133.3333333333333 833.1159945141681)
(66.66666666666666 133.3333333333333 833.1159945141681)
(133.3333333333333 133.3333333333333 833.1159945141682)
(200 133.3333333333333 833.1159945141681)
(0 200 833.1159945141679)
(66.66666666666666 200 833.1159945141681)
(133.3333333333333 200 833.1159945141681)
(200 200 833.1159945141679)
(0 0 858.4597917760326)
(66.66666666666666 0 858.4597917760328)
(133.3333333333333 0 858.4597917760326)
(200 0 858.4597917760326)
(0 66.66666666666666 858.4597917760328)
(66.66666666666664 66.66666666666667 858.4597917760325)
(133.3333333333333 66.66666666666666 858.4597917760326)
(200 66.66666666666666 858.4597917760328)
(0 133.3333333333333 858.4597917760326)
(66.66666666666666 133.3333333333333 858.4597917760326)
(133.3333333333333 133.3333333333333 858.4597917760328)
(200 133.3333333333333 858.4597917760326)
(0 200 858.4597917760326)
(66.66666666666666 200 858.4597917760328)
(133.3333333333333 200 858.4597917760326)
(200 200 858.4597917760326)
(0 0 884.5117759209019)
(66.66666666666666 0 884.5117759209019)
(133.3333333333333 0 884.5117759209019)
(200 0 884.5117759209019)
(0 66.66666666666666 884.5117759209019)
(66.66666666666664 66.66666666666666 884.5117759209015)
(133.3333333333333 66.66666666666667 884.5117759209019)
(200 66.66666666666666 884.5117759209019)
(0 133.3333333333333 884.5117759209019)
(66.66666666666667 133.3333333333333 884.5117759209019)
(133.3333333333333 133.3333333333333 884.5117759209019)
(200 133.3333333333333 884.5117759209019)
(0 200 884.5117759209019)
(66.66666666666666 200 884.5117759209019)
(133.3333333333333 200 884.5117759209016)
(200 200 884.5117759209019)
(0 0 911.291735958925)
(66.66666666666666 0 911.291735958925)
(133.3333333333333 0 911.291735958925)
(200 0 911.291735958925)
(0 66.66666666666666 911.291735958925)
(66.66666666666664 66.66666666666667 911.2917359589247)
(133.3333333333333 66.66666666666666 911.291735958925)
(200 66.66666666666666 911.291735958925)
(0 133.3333333333333 911.291735958925)
(66.66666666666667 133.3333333333333 911.291735958925)
(133.3333333333333 133.3333333333333 911.2917359589247)
(200 133.3333333333333 911.291735958925)
(0 200 911.291735958925)
(66.66666666666666 200 911.291735958925)
(133.3333333333333 200 911.291735958925)
(200 200 911.291735958925)
(0 0 938.8200138685894)
(66.66666666666666 0 938.8200138685894)
(133.3333333333333 0 938.8200138685894)
(200 0 938.8200138685894)
(0 66.66666666666666 938.8200138685894)
(66.66666666666667 66.66666666666667 938.8200138685894)
(133.3333333333333 66.66666666666667 938.8200138685894)
(200 66.66666666666666 938.8200138685894)
(0 133.3333333333333 938.8200138685894)
(66.66666666666667 133.3333333333333 938.8200138685894)
(133.3333333333333 133.3333333333333 938.8200138685894)
(200 133.3333333333333 938.8200138685894)
(0 200 938.8200138685894)
(66.66666666666666 200 938.8200138685894)
(133.3333333333333 200 938.8200138685894)
(200 200 938.8200138685894)
(0 0 967.1175200484253)
(66.66666666666666 0 967.1175200484253)
(133.3333333333333 0 967.117520048425)
(200 0 967.1175200484253)
(0 66.66666666666666 967.1175200484253)
(66.66666666666664 66.66666666666664 967.117520048425)
(133.3333333333333 66.66666666666667 967.117520048425)
(200 66.66666666666666 967.1175200484253)
(0 133.3333333333333 967.117520048425)
(66.66666666666667 133.3333333333333 967.117520048425)
(133.3333333333333 133.3333333333333 967.117520048425)
(200 133.3333333333333 967.117520048425)
(0 200 967.1175200484253)
(66.66666666666666 200 967.1175200484253)
(133.3333333333333 200 967.117520048425)
(200 200 967.1175200484253)
(0 0 996.2057492004828)
(66.66666666666666 0 996.2057492004828)
(133.3333333333333 0 996.2057492004828)
(200 0 996.2057492004828)
(0 66.66666666666666 996.2057492004828)
(66.66666666666667 66.66666666666667 996.205749200483)
(133.3333333333333 66.66666666666666 996.205749200483)
(200 66.66666666666666 996.2057492004828)
(0 133.3333333333333 996.2057492004828)
(66.66666666666667 133.3333333333333 996.205749200483)
(133.3333333333333 133.3333333333333 996.2057492004828)
(200 133.3333333333333 996.2057492004828)
(0 200 996.2057492004828)
(66.66666666666666 200 996.2057492004828)
(133.3333333333333 200 996.2057492004828)
(200 200 996.2057492004828)
(0 0 1026.106796657645)
(66.66666666666664 0 1026.106796657645)
(133.3333333333333 0 1026.106796657645)
(200 0 1026.106796657645)
(0 66.66666666666664 1026.106796657645)
(66.66666666666664 66.66666666666666 1026.106796657645)
(133.3333333333333 66.66666666666666 1026.106796657645)
(200 66.66666666666664 1026.106796657645)
(0 133.3333333333333 1026.106796657645)
(66.66666666666667 133.3333333333333 1026.106796657645)
(133.3333333333333 133.3333333333333 1026.106796657645)
(200 133.3333333333333 1026.106796657645)
(0 200 1026.106796657645)
(66.66666666666664 200 1026.106796657645)
(133.3333333333333 200 1026.106796657645)
(200 200 1026.106796657645)
(0 0 1056.843375167177)
(66.66666666666666 0 1056.843375167177)
(133.3333333333333 0 1056.843375167177)
(200 0 1056.843375167177)
(0 66.66666666666666 1056.843375167177)
(66.66666666666667 66.66666666666667 1056.843375167177)
(133.3333333333333 66.66666666666666 1056.843375167177)
(200 66.66666666666666 1056.843375167177)
(0 133.3333333333333 1056.843375167177)
(66.66666666666666 133.3333333333333 1056.843375167177)
(133.3333333333333 133.3333333333333 1056.843375167177)
(200 133.3333333333333 1056.843375167177)
(0 200 1056.843375167177)
(66.66666666666666 200 1056.843375167177)
(133.3333333333333 200 1056.843375167177)
(200 200 1056.843375167177)
(0 0 1088.438832143261)
(66.66666666666666 0 1088.438832143261)
(133.3333333333333 0 1088.438832143261)
(200 0 1088.438832143261)
(0 66.66666666666667 1088.438832143261)
(66.66666666666664 66.66666666666667 1088.438832143261)
(133.3333333333333 66.66666666666667 1088.438832143261)
(200 66.66666666666667 1088.438832143261)
(0 133.3333333333333 1088.438832143261)
(66.66666666666667 133.3333333333333 1088.438832143261)
(133.3333333333333 133.3333333333333 1088.438832143261)
(200 133.3333333333333 1088.438832143261)
(0 200 1088.438832143261)
(66.66666666666666 200 1088.438832143261)
(133.3333333333333 200 1088.438832143261)
(200 200 1088.438832143261)
(0 0 1120.917167401624)
(66.66666666666666 0 1120.917167401624)
(133.3333333333333 0 1120.917167401624)
(200 0 1120.917167401624)
(0 66.66666666666666 1120.917167401624)
(66.66666666666664 66.66666666666666 1120.917167401624)
(133.3333333333333 66.66666666666666 1120.917167401625)
(200 66.66666666666666 1120.917167401624)
(0 133.3333333333333 1120.917167401624)
(66.66666666666666 133.3333333333333 1120.917167401625)
(133.3333333333333 133.3333333333333 1120.917167401625)
(200 133.3333333333333 1120.917167401624)
(0 200 1120.917167401624)
(66.66666666666666 200 1120.917167401624)
(133.3333333333333 200 1120.917167401624)
(200 200 1120.917167401624)
(0 0 1154.303051389727)
(66.66666666666666 0 1154.303051389727)
(133.3333333333333 0 1154.303051389728)
(200 0 1154.303051389727)
(0 66.66666666666666 1154.303051389727)
(66.66666666666667 66.66666666666667 1154.303051389727)
(133.3333333333333 66.66666666666666 1154.303051389727)
(200 66.66666666666666 1154.303051389727)
(0 133.3333333333333 1154.303051389728)
(66.66666666666666 133.3333333333333 1154.303051389727)
(133.3333333333333 133.3333333333333 1154.303051389728)
(200 133.3333333333333 1154.303051389728)
(0 200 1154.303051389727)
(66.66666666666666 200 1154.303051389728)
(133.3333333333333 200 1154.303051389728)
(200 200 1154.303051389727)
(0 0 1188.621843926363)
(66.66666666666664 0 1188.621843926363)
(133.3333333333333 0 1188.621843926363)
(200 0 1188.621843926363)
(0 66.66666666666664 1188.621843926363)
(66.66666666666664 66.66666666666666 1188.621843926363)
(133.3333333333333 66.66666666666667 1188.621843926363)
(200 66.66666666666664 1188.621843926363)
(0 133.3333333333333 1188.621843926363)
(66.66666666666667 133.3333333333333 1188.621843926363)
(133.3333333333333 133.3333333333333 1188.621843926363)
(200 133.3333333333333 1188.621843926363)
(0 200 1188.621843926363)
(66.66666666666664 200 1188.621843926363)
(133.3333333333333 200 1188.621843926363)
(200 200 1188.621843926363)
(0 0 1223.8996134649)
(66.66666666666666 0 1223.899613464901)
(133.3333333333333 0 1223.8996134649)
(200 0 1223.8996134649)
(0 66.66666666666666 1223.899613464901)
(66.66666666666667 66.66666666666667 1223.8996134649)
(133.3333333333333 66.66666666666666 1223.899613464901)
(200 66.66666666666666 1223.899613464901)
(0 133.3333333333333 1223.8996134649)
(66.66666666666666 133.3333333333333 1223.8996134649)
(133.3333333333333 133.3333333333333 1223.8996134649)
(200 133.3333333333333 1223.8996134649)
(0 200 1223.8996134649)
(66.66666666666666 200 1223.8996134649)
(133.3333333333333 200 1223.8996134649)
(200 200 1223.8996134649)
(0 0 1260.163156894804)
(66.66666666666666 0 1260.163156894804)
(133.3333333333333 0 1260.163156894804)
(200 0 1260.163156894804)
(0 66.66666666666666 1260.163156894804)
(66.66666666666667 66.66666666666667 1260.163156894804)
(133.3333333333333 66.66666666666667 1260.163156894804)
(200 66.66666666666666 1260.163156894804)
(0 133.3333333333333 1260.163156894804)
(66.66666666666666 133.3333333333333 1260.163156894804)
(133.3333333333333 133.3333333333333 1260.163156894804)
(200 133.3333333333333 1260.163156894804)
(0 200 1260.163156894804)
(66.66666666666666 200 1260.163156894804)
(133.3333333333333 200 1260.163156894804)
(200 200 1260.163156894804)
(0 0 1297.440019896474)
(66.66666666666666 0 1297.440019896474)
(133.3333333333333 0 1297.440019896474)
(200 0 1297.440019896474)
(0 66.66666666666666 1297.440019896474)
(66.66666666666667 66.66666666666667 1297.440019896474)
(133.3333333333333 66.66666666666667 1297.440019896474)
(200 66.66666666666666 1297.440019896474)
(0 133.3333333333333 1297.440019896474)
(66.66666666666666 133.3333333333333 1297.440019896474)
(133.3333333333333 133.3333333333333 1297.440019896474)
(200 133.3333333333333 1297.440019896474)
(0 200 1297.440019896474)
(66.66666666666666 200 1297.440019896474)
(133.3333333333333 200 1297.440019896474)
(200 200 1297.440019896474)
(0 0 1335.75851786486)
(66.66666666666666 0 1335.75851786486)
(133.3333333333333 0 1335.75851786486)
(200 0 1335.75851786486)
(0 66.66666666666666 1335.75851786486)
(66.66666666666667 66.66666666666667 1335.75851786486)
(133.3333333333333 66.66666666666666 1335.75851786486)
(200 66.66666666666666 1335.75851786486)
(0 133.3333333333333 1335.75851786486)
(66.66666666666666 133.3333333333333 1335.75851786486)
(133.3333333333333 133.3333333333333 1335.75851786486)
(200 133.3333333333333 1335.75851786486)
(0 200 1335.75851786486)
(66.66666666666666 200 1335.75851786486)
(133.3333333333333 200 1335.75851786486)
(200 200 1335.75851786486)
(0 0 1375.147757417754)
(66.66666666666666 0 1375.147757417754)
(133.3333333333333 0 1375.147757417754)
(200 0 1375.147757417754)
(0 66.66666666666666 1375.147757417754)
(66.66666666666667 66.66666666666667 1375.147757417754)
(133.3333333333333 66.66666666666667 1375.147757417754)
(200 66.66666666666666 1375.147757417754)
(0 133.3333333333333 1375.147757417754)
(66.66666666666666 133.3333333333333 1375.147757417754)
(133.3333333333333 133.3333333333333 1375.147757417754)
(200 133.3333333333333 1375.147757417754)
(0 200 1375.147757417754)
(66.66666666666666 200 1375.147757417754)
(133.3333333333333 200 1375.147757417754)
(200 200 1375.147757417754)
(0 0 1415.637658505092)
(66.66666666666666 0 1415.637658505092)
(133.3333333333333 0 1415.637658505092)
(200 0 1415.637658505092)
(0 66.66666666666666 1415.637658505092)
(66.66666666666667 66.66666666666667 1415.637658505092)
(133.3333333333333 66.66666666666667 1415.637658505092)
(200 66.66666666666666 1415.637658505092)
(0 133.3333333333333 1415.637658505092)
(66.66666666666667 133.3333333333333 1415.637658505092)
(133.3333333333333 133.3333333333333 1415.637658505092)
(200 133.3333333333333 1415.637658505092)
(0 200 1415.637658505092)
(66.66666666666666 200 1415.637658505092)
(133.3333333333333 200 1415.637658505092)
(200 200 1415.637658505092)
(0 0 1457.258977136057)
(66.66666666666666 0 1457.258977136057)
(133.3333333333333 0 1457.258977136057)
(200 0 1457.258977136057)
(0 66.66666666666666 1457.258977136057)
(66.66666666666664 66.66666666666666 1457.258977136057)
(133.3333333333333 66.66666666666667 1457.258977136057)
(200 66.66666666666666 1457.258977136057)
(0 133.3333333333333 1457.258977136057)
(66.66666666666667 133.3333333333333 1457.258977136057)
(133.3333333333333 133.3333333333333 1457.258977136057)
(200 133.3333333333333 1457.258977136057)
(0 200 1457.258977136057)
(66.66666666666666 200 1457.258977136057)
(133.3333333333333 200 1457.258977136057)
(200 200 1457.258977136057)
(0 0 1500.043328741252)
(66.66666666666667 0 1500.043328741253)
(133.3333333333333 0 1500.043328741252)
(200 0 1500.043328741252)
(0 66.66666666666667 1500.043328741253)
(66.66666666666667 66.66666666666666 1500.043328741252)
(133.3333333333333 66.66666666666667 1500.043328741252)
(200 66.66666666666667 1500.043328741253)
(0 133.3333333333333 1500.043328741252)
(66.66666666666667 133.3333333333333 1500.043328741252)
(133.3333333333333 133.3333333333333 1500.043328741252)
(200 133.3333333333333 1500.043328741252)
(0 200 1500.043328741252)
(66.66666666666667 200 1500.043328741253)
(133.3333333333333 200 1500.043328741252)
(200 200 1500.043328741252)
(0 0 1544.023212187695)
(66.66666666666666 0 1544.023212187695)
(133.3333333333333 0 1544.023212187695)
(200 0 1544.023212187695)
(0 66.66666666666666 1544.023212187695)
(66.66666666666667 66.66666666666667 1544.023212187695)
(133.3333333333333 66.66666666666666 1544.023212187695)
(200 66.66666666666666 1544.023212187695)
(0 133.3333333333333 1544.023212187695)
(66.66666666666666 133.3333333333333 1544.023212187695)
(133.3333333333333 133.3333333333333 1544.023212187695)
(200 133.3333333333333 1544.023212187695)
(0 200 1544.023212187695)
(66.66666666666666 200 1544.023212187695)
(133.3333333333333 200 1544.023212187695)
(200 200 1544.023212187695)
(0 0 1589.232034464849)
(66.66666666666666 0 1589.232034464849)
(133.3333333333333 0 1589.232034464849)
(200 0 1589.232034464849)
(0 66.66666666666666 1589.232034464849)
(66.66666666666667 66.66666666666667 1589.232034464849)
(133.3333333333333 66.66666666666666 1589.232034464849)
(200 66.66666666666666 1589.232034464849)
(0 133.3333333333333 1589.232034464849)
(66.66666666666666 133.3333333333333 1589.232034464849)
(133.3333333333333 133.3333333333333 1589.232034464849)
(200 133.3333333333333 1589.232034464849)
(0 200 1589.232034464849)
(66.66666666666666 200 1589.232034464849)
(133.3333333333333 200 1589.232034464849)
(200 200 1589.232034464849)
(0 0 1635.704136060487)
(66.66666666666666 0 1635.704136060487)
(133.3333333333333 0 1635.704136060487)
(200 0 1635.704136060487)
(0 66.66666666666666 1635.704136060487)
(66.66666666666667 66.66666666666666 1635.704136060487)
(133.3333333333333 66.66666666666667 1635.704136060488)
(200 66.66666666666666 1635.704136060487)
(0 133.3333333333333 1635.704136060487)
(66.66666666666667 133.3333333333333 1635.704136060487)
(133.3333333333333 133.3333333333333 1635.704136060487)
(200 133.3333333333333 1635.704136060487)
(0 200 1635.704136060487)
(66.66666666666666 200 1635.704136060488)
(133.3333333333333 200 1635.704136060487)
(200 200 1635.704136060487)
(0 0 1683.474817045616)
(66.66666666666666 0 1683.474817045616)
(133.3333333333333 0 1683.474817045616)
(200 0 1683.474817045616)
(0 66.66666666666666 1683.474817045616)
(66.66666666666667 66.66666666666667 1683.474817045616)
(133.3333333333333 66.66666666666666 1683.474817045616)
(200 66.66666666666666 1683.474817045616)
(0 133.3333333333333 1683.474817045616)
(66.66666666666666 133.3333333333333 1683.474817045616)
(133.3333333333333 133.3333333333333 1683.474817045616)
(200 133.3333333333333 1683.474817045616)
(0 200 1683.474817045616)
(66.66666666666666 200 1683.474817045616)
(133.3333333333333 200 1683.474817045616)
(200 200 1683.474817045616)
(0 0 1732.580363888306)
(66.66666666666666 0 1732.580363888306)
(133.3333333333333 0 1732.580363888306)
(200 0 1732.580363888306)
(0 66.66666666666666 1732.580363888306)
(66.66666666666667 66.66666666666666 1732.580363888306)
(133.3333333333333 66.66666666666667 1732.580363888306)
(200 66.66666666666666 1732.580363888306)
(0 133.3333333333333 1732.580363888306)
(66.66666666666667 133.3333333333333 1732.580363888306)
(133.3333333333333 133.3333333333333 1732.580363888306)
(200 133.3333333333333 1732.580363888306)
(0 200 1732.580363888306)
(66.66666666666666 200 1732.580363888306)
(133.3333333333333 200 1732.580363888306)
(200 200 1732.580363888306)
(0 0 1783.058077016791)
(66.66666666666666 0 1783.058077016791)
(133.3333333333333 0 1783.058077016791)
(200 0 1783.058077016791)
(0 66.66666666666666 1783.058077016791)
(66.66666666666667 66.66666666666666 1783.058077016791)
(133.3333333333333 66.66666666666667 1783.058077016791)
(200 66.66666666666666 1783.058077016791)
(0 133.3333333333333 1783.058077016791)
(66.66666666666667 133.3333333333333 1783.058077016791)
(133.3333333333333 133.3333333333333 1783.058077016791)
(200 133.3333333333333 1783.058077016791)
(0 200 1783.058077016791)
(66.66666666666666 200 1783.058077016791)
(133.3333333333333 200 1783.058077016791)
(200 200 1783.058077016791)
(0 0 1834.946299152757)
(66.66666666666666 0 1834.946299152757)
(133.3333333333333 0 1834.946299152757)
(200 0 1834.946299152757)
(0 66.66666666666666 1834.946299152757)
(66.66666666666667 66.66666666666667 1834.946299152757)
(133.3333333333333 66.66666666666667 1834.946299152757)
(200 66.66666666666666 1834.946299152757)
(0 133.3333333333333 1834.946299152757)
(66.66666666666667 133.3333333333333 1834.946299152757)
(133.3333333333333 133.3333333333333 1834.946299152756)
(200 133.3333333333333 1834.946299152757)
(0 200 1834.946299152757)
(66.66666666666666 200 1834.946299152756)
(133.3333333333333 200 1834.946299152757)
(200 200 1834.946299152757)
(0 0 1888.284444436364)
(66.66666666666666 0 1888.284444436364)
(133.3333333333333 0 1888.284444436364)
(200 0 1888.284444436364)
(0 66.66666666666666 1888.284444436364)
(66.66666666666667 66.66666666666667 1888.284444436364)
(133.3333333333333 66.66666666666667 1888.284444436364)
(200 66.66666666666666 1888.284444436364)
(0 133.3333333333333 1888.284444436364)
(66.66666666666667 133.3333333333333 1888.284444436364)
(133.3333333333333 133.3333333333333 1888.284444436364)
(200 133.3333333333333 1888.284444436364)
(0 200 1888.284444436364)
(66.66666666666666 200 1888.284444436364)
(133.3333333333333 200 1888.284444436364)
(200 200 1888.284444436364)
(0 0 1943.113028365108)
(66.66666666666666 0 1943.113028365108)
(133.3333333333333 0 1943.113028365109)
(200 0 1943.113028365108)
(0 66.66666666666666 1943.113028365108)
(66.66666666666664 66.66666666666664 1943.113028365108)
(133.3333333333333 66.66666666666664 1943.113028365108)
(200 66.66666666666666 1943.113028365108)
(0 133.3333333333333 1943.113028365109)
(66.66666666666667 133.3333333333333 1943.113028365108)
(133.3333333333333 133.3333333333333 1943.113028365108)
(200 133.3333333333333 1943.113028365109)
(0 200 1943.113028365108)
(66.66666666666666 200 1943.113028365109)
(133.3333333333333 200 1943.113028365109)
(200 200 1943.113028365108)
(0 0 1999.473698569278)
(66.66666666666667 0 1999.473698569278)
(133.3333333333333 0 1999.473698569278)
(200 0 1999.473698569278)
(0 66.66666666666667 1999.473698569278)
(66.66666666666667 66.66666666666666 1999.473698569278)
(133.3333333333333 66.66666666666667 1999.473698569278)
(200 66.66666666666667 1999.473698569278)
(0 133.3333333333333 1999.473698569278)
(66.66666666666667 133.3333333333333 1999.473698569278)
(133.3333333333333 133.3333333333333 1999.473698569278)
(200 133.3333333333333 1999.473698569278)
(0 200 1999.473698569278)
(66.66666666666667 200 1999.473698569278)
(133.3333333333333 200 1999.473698569278)
(200 200 1999.473698569278)
(0 0 2057.409266447363)
(66.66666666666666 0 2057.409266447363)
(133.3333333333333 0 2057.409266447363)
(200 0 2057.409266447363)
(0 66.66666666666666 2057.409266447363)
(66.66666666666667 66.66666666666667 2057.409266447363)
(133.3333333333333 66.66666666666667 2057.409266447363)
(200 66.66666666666666 2057.409266447363)
(0 133.3333333333333 2057.409266447363)
(66.66666666666667 133.3333333333333 2057.409266447363)
(133.3333333333333 133.3333333333333 2057.409266447363)
(200 133.3333333333333 2057.409266447363)
(0 200 2057.409266447363)
(66.66666666666666 200 2057.409266447363)
(133.3333333333333 200 2057.409266447362)
(200 200 2057.409266447363)
(0 0 2116.963739685474)
(66.66666666666666 0 2116.963739685475)
(133.3333333333333 0 2116.963739685474)
(200 0 2116.963739685474)
(0 66.66666666666666 2116.963739685475)
(66.66666666666664 66.66666666666666 2116.963739685474)
(133.3333333333333 66.66666666666667 2116.963739685474)
(200 66.66666666666666 2116.963739685475)
(0 133.3333333333333 2116.963739685474)
(66.66666666666667 133.3333333333333 2116.963739685474)
(133.3333333333333 133.3333333333333 2116.963739685474)
(200 133.3333333333333 2116.963739685474)
(0 200 2116.963739685474)
(66.66666666666666 200 2116.963739685474)
(133.3333333333333 200 2116.963739685474)
(200 200 2116.963739685474)
(0 0 2178.182355685449)
(66.66666666666666 0 2178.182355685449)
(133.3333333333333 0 2178.182355685449)
(200 0 2178.182355685449)
(0 66.66666666666666 2178.182355685449)
(66.66666666666664 66.66666666666666 2178.182355685449)
(133.3333333333333 66.66666666666667 2178.182355685449)
(200 66.66666666666666 2178.182355685449)
(0 133.3333333333333 2178.182355685449)
(66.66666666666667 133.3333333333333 2178.182355685449)
(133.3333333333333 133.3333333333333 2178.182355685449)
(200 133.3333333333333 2178.182355685449)
(0 200 2178.182355685449)
(66.66666666666666 200 2178.182355685449)
(133.3333333333333 200 2178.182355685449)
(200 200 2178.182355685449)
(0 0 2241.111615927046)
(66.66666666666666 0 2241.111615927046)
(133.3333333333333 0 2241.111615927046)
(200 0 2241.111615927046)
(0 66.66666666666666 2241.111615927046)
(66.66666666666667 66.66666666666666 2241.111615927045)
(133.3333333333333 66.66666666666667 2241.111615927046)
(200 66.66666666666666 2241.111615927046)
(0 133.3333333333333 2241.111615927046)
(66.66666666666667 133.3333333333333 2241.111615927046)
(133.3333333333333 133.3333333333333 2241.111615927045)
(200 133.3333333333333 2241.111615927046)
(0 200 2241.111615927046)
(66.66666666666666 200 2241.111615927046)
(133.3333333333333 200 2241.111615927045)
(200 200 2241.111615927046)
(0 0 2305.799321290334)
(66.66666666666666 0 2305.799321290334)
(133.3333333333333 0 2305.799321290333)
(200 0 2305.799321290334)
(0 66.66666666666666 2305.799321290334)
(66.66666666666664 66.66666666666666 2305.799321290333)
(133.3333333333333 66.66666666666667 2305.799321290334)
(200 66.66666666666666 2305.799321290334)
(0 133.3333333333333 2305.799321290333)
(66.66666666666667 133.3333333333333 2305.799321290334)
(133.3333333333333 133.3333333333333 2305.799321290334)
(200 133.3333333333333 2305.799321290333)
(0 200 2305.799321290334)
(66.66666666666666 200 2305.799321290334)
(133.3333333333333 200 2305.799321290333)
(200 200 2305.799321290334)
(0 0 2372.294608365098)
(66.66666666666667 0 2372.294608365098)
(133.3333333333333 0 2372.294608365099)
(200 0 2372.294608365098)
(0 66.66666666666667 2372.294608365098)
(66.66666666666667 66.66666666666667 2372.294608365098)
(133.3333333333333 66.66666666666667 2372.294608365099)
(200 66.66666666666667 2372.294608365098)
(0 133.3333333333333 2372.294608365099)
(66.66666666666667 133.3333333333333 2372.294608365099)
(133.3333333333333 133.3333333333333 2372.294608365098)
(200 133.3333333333333 2372.294608365099)
(0 200 2372.294608365098)
(66.66666666666667 200 2372.294608365099)
(133.3333333333333 200 2372.294608365098)
(200 200 2372.294608365098)
(0 0 2440.647986774851)
(66.66666666666666 0 2440.647986774851)
(133.3333333333333 0 2440.647986774851)
(200 0 2440.647986774851)
(0 66.66666666666666 2440.647986774851)
(66.66666666666664 66.66666666666664 2440.64798677485)
(133.3333333333333 66.66666666666667 2440.64798677485)
(200 66.66666666666666 2440.647986774851)
(0 133.3333333333333 2440.647986774851)
(66.66666666666667 133.3333333333333 2440.647986774851)
(133.3333333333333 133.3333333333333 2440.647986774851)
(200 133.3333333333333 2440.647986774851)
(0 200 2440.647986774851)
(66.66666666666666 200 2440.64798677485)
(133.3333333333333 200 2440.647986774851)
(200 200 2440.647986774851)
(0 0 2510.911377543786)
(66.66666666666666 0 2510.911377543786)
(133.3333333333333 0 2510.911377543786)
(200 0 2510.911377543786)
(0 66.66666666666666 2510.911377543786)
(66.66666666666667 66.66666666666667 2510.911377543786)
(133.3333333333333 66.66666666666666 2510.911377543786)
(200 66.66666666666666 2510.911377543786)
(0 133.3333333333333 2510.911377543786)
(66.66666666666667 133.3333333333333 2510.911377543786)
(133.3333333333333 133.3333333333333 2510.911377543786)
(200 133.3333333333333 2510.911377543786)
(0 200 2510.911377543786)
(66.66666666666666 200 2510.911377543786)
(133.3333333333333 200 2510.911377543786)
(200 200 2510.911377543786)
(0 0 2583.138152535844)
(66.66666666666666 0 2583.138152535844)
(133.3333333333333 0 2583.138152535844)
(200 0 2583.138152535844)
(0 66.66666666666666 2583.138152535844)
(66.66666666666667 66.66666666666667 2583.138152535844)
(133.3333333333333 66.66666666666667 2583.138152535844)
(200 66.66666666666666 2583.138152535844)
(0 133.3333333333333 2583.138152535844)
(66.66666666666667 133.3333333333333 2583.138152535844)
(133.3333333333333 133.3333333333333 2583.138152535844)
(200 133.3333333333333 2583.138152535844)
(0 200 2583.138152535844)
(66.66666666666666 200 2583.138152535844)
(133.3333333333333 200 2583.138152535844)
(200 200 2583.138152535844)
(0 0 2657.383174995815)
(66.66666666666666 0 2657.383174995816)
(133.3333333333333 0 2657.383174995815)
(200 0 2657.383174995815)
(0 66.66666666666666 2657.383174995816)
(66.66666666666664 66.66666666666666 2657.383174995815)
(133.3333333333333 66.66666666666667 2657.383174995816)
(200 66.66666666666666 2657.383174995816)
(0 133.3333333333333 2657.383174995815)
(66.66666666666667 133.3333333333333 2657.383174995816)
(133.3333333333333 133.3333333333333 2657.383174995815)
(200 133.3333333333333 2657.383174995815)
(0 200 2657.383174995815)
(66.66666666666666 200 2657.383174995815)
(133.3333333333333 200 2657.383174995815)
(200 200 2657.383174995815)
(0 0 2733.702841223303)
(66.66666666666666 0 2733.702841223303)
(133.3333333333333 0 2733.702841223302)
(200 0 2733.702841223303)
(0 66.66666666666666 2733.702841223303)
(66.66666666666664 66.66666666666666 2733.702841223302)
(133.3333333333333 66.66666666666667 2733.702841223302)
(200 66.66666666666666 2733.702841223303)
(0 133.3333333333333 2733.702841223302)
(66.66666666666667 133.3333333333333 2733.702841223303)
(133.3333333333333 133.3333333333333 2733.702841223303)
(200 133.3333333333333 2733.702841223302)
(0 200 2733.702841223303)
(66.66666666666666 200 2733.702841223303)
(133.3333333333333 200 2733.702841223302)
(200 200 2733.702841223303)
(0 0 2812.15512341118)
(66.66666666666666 0 2812.15512341118)
(133.3333333333333 0 2812.15512341118)
(200 0 2812.15512341118)
(0 66.66666666666666 2812.15512341118)
(66.66666666666667 66.66666666666666 2812.155123411179)
(133.3333333333333 66.66666666666667 2812.15512341118)
(200 66.66666666666666 2812.15512341118)
(0 133.3333333333333 2812.15512341118)
(66.66666666666667 133.3333333333333 2812.155123411179)
(133.3333333333333 133.3333333333333 2812.15512341118)
(200 133.3333333333333 2812.15512341118)
(0 200 2812.15512341118)
(66.66666666666666 200 2812.15512341118)
(133.3333333333333 200 2812.15512341118)
(200 200 2812.15512341118)
(0 0 2892.799613681103)
(66.66666666666667 0 2892.799613681103)
(133.3333333333333 0 2892.799613681103)
(200 0 2892.799613681103)
(0 66.66666666666667 2892.799613681103)
(66.66666666666667 66.66666666666669 2892.799613681103)
(133.3333333333333 66.66666666666667 2892.799613681103)
(200 66.66666666666667 2892.799613681103)
(0 133.3333333333333 2892.799613681104)
(66.66666666666667 133.3333333333334 2892.799613681104)
(133.3333333333333 133.3333333333333 2892.799613681103)
(200 133.3333333333333 2892.799613681104)
(0 200 2892.799613681103)
(66.66666666666667 200 2892.799613681104)
(133.3333333333333 200 2892.799613681103)
(200 200 2892.799613681103)
(0 0 2975.697569349508)
(66.66666666666666 0 2975.697569349508)
(133.3333333333333 0 2975.697569349508)
(200 0 2975.697569349508)
(0 66.66666666666666 2975.697569349508)
(66.66666666666667 66.66666666666666 2975.697569349508)
(133.3333333333333 66.66666666666667 2975.697569349508)
(200 66.66666666666666 2975.697569349508)
(0 133.3333333333333 2975.697569349508)
(66.66666666666667 133.3333333333333 2975.697569349508)
(133.3333333333333 133.3333333333333 2975.697569349508)
(200 133.3333333333333 2975.697569349508)
(0 200 2975.697569349508)
(66.66666666666666 200 2975.697569349508)
(133.3333333333333 200 2975.697569349508)
(200 200 2975.697569349508)
(0 0 3060.911959458482)
(66.66666666666666 0 3060.911959458483)
(133.3333333333333 0 3060.911959458482)
(200 0 3060.911959458482)
(0 66.66666666666666 3060.911959458483)
(66.66666666666664 66.66666666666666 3060.911959458482)
(133.3333333333333 66.66666666666667 3060.911959458483)
(200 66.66666666666666 3060.911959458483)
(0 133.3333333333333 3060.911959458482)
(66.66666666666667 133.3333333333333 3060.911959458483)
(133.3333333333333 133.3333333333333 3060.911959458483)
(200 133.3333333333333 3060.911959458482)
(0 200 3060.911959458482)
(66.66666666666666 200 3060.911959458483)
(133.3333333333333 200 3060.911959458482)
(200 200 3060.911959458482)
(0 0 3148.507512606872)
(66.66666666666666 0 3148.507512606872)
(133.3333333333333 0 3148.507512606872)
(200 0 3148.507512606872)
(0 66.66666666666666 3148.507512606872)
(66.66666666666664 66.66666666666666 3148.507512606872)
(133.3333333333333 66.66666666666667 3148.507512606872)
(200 66.66666666666666 3148.507512606872)
(0 133.3333333333333 3148.507512606872)
(66.66666666666667 133.3333333333333 3148.507512606872)
(133.3333333333333 133.3333333333333 3148.507512606873)
(200 133.3333333333333 3148.507512606872)
(0 200 3148.507512606872)
(66.66666666666666 200 3148.507512606873)
(133.3333333333333 200 3148.507512606873)
(200 200 3148.507512606872)
(0 0 3238.550766117927)
(66.66666666666666 0 3238.550766117927)
(133.3333333333333 0 3238.550766117927)
(200 0 3238.550766117927)
(0 66.66666666666666 3238.550766117927)
(66.66666666666667 66.66666666666666 3238.550766117927)
(133.3333333333333 66.66666666666667 3238.550766117927)
(200 66.66666666666666 3238.550766117927)
(0 133.3333333333333 3238.550766117927)
(66.66666666666667 133.3333333333333 3238.550766117927)
(133.3333333333333 133.3333333333333 3238.550766117927)
(200 133.3333333333333 3238.550766117927)
(0 200 3238.550766117927)
(66.66666666666666 200 3238.550766117927)
(133.3333333333333 200 3238.550766117927)
(200 200 3238.550766117927)
(0 0 3331.110116580859)
(66.66666666666666 0 3331.110116580859)
(133.3333333333333 0 3331.110116580859)
(200 0 3331.110116580859)
(0 66.66666666666666 3331.110116580859)
(66.66666666666667 66.66666666666666 3331.11011658086)
(133.3333333333333 66.66666666666667 3331.110116580859)
(200 66.66666666666666 3331.110116580859)
(0 133.3333333333333 3331.110116580859)
(66.66666666666667 133.3333333333333 3331.110116580859)
(133.3333333333333 133.3333333333333 3331.110116580859)
(200 133.3333333333333 3331.110116580859)
(0 200 3331.110116580859)
(66.66666666666666 200 3331.110116580859)
(133.3333333333333 200 3331.110116580858)
(200 200 3331.110116580859)
(0 0 3426.255871804684)
(66.66666666666666 0 3426.255871804684)
(133.3333333333333 0 3426.255871804684)
(200 0 3426.255871804684)
(0 66.66666666666666 3426.255871804684)
(66.66666666666667 66.66666666666667 3426.255871804684)
(133.3333333333333 66.66666666666666 3426.255871804684)
(200 66.66666666666666 3426.255871804684)
(0 133.3333333333333 3426.255871804684)
(66.66666666666666 133.3333333333333 3426.255871804684)
(133.3333333333333 133.3333333333333 3426.255871804684)
(200 133.3333333333333 3426.255871804684)
(0 200 3426.255871804684)
(66.66666666666666 200 3426.255871804684)
(133.3333333333333 200 3426.255871804684)
(200 200 3426.255871804684)
(0 0 3524.060304223835)
(66.66666666666666 0 3524.060304223835)
(133.3333333333333 0 3524.060304223836)
(200 0 3524.060304223835)
(0 66.66666666666666 3524.060304223835)
(66.66666666666664 66.66666666666666 3524.060304223834)
(133.3333333333333 66.66666666666667 3524.060304223835)
(200 66.66666666666666 3524.060304223835)
(0 133.3333333333333 3524.060304223836)
(66.66666666666667 133.3333333333333 3524.060304223836)
(133.3333333333333 133.3333333333333 3524.060304223835)
(200 133.3333333333333 3524.060304223836)
(0 200 3524.060304223835)
(66.66666666666666 200 3524.060304223836)
(133.3333333333333 200 3524.060304223836)
(200 200 3524.060304223835)
(0 0 3624.597705796079)
(66.66666666666666 0 3624.597705796079)
(133.3333333333333 0 3624.597705796079)
(200 0 3624.597705796079)
(0 66.66666666666666 3624.597705796079)
(66.66666666666667 66.66666666666667 3624.597705796079)
(133.3333333333333 66.66666666666667 3624.597705796079)
(200 66.66666666666666 3624.597705796079)
(0 133.3333333333333 3624.597705796079)
(66.66666666666667 133.3333333333333 3624.597705796079)
(133.3333333333333 133.3333333333333 3624.597705796079)
(200 133.3333333333333 3624.597705796079)
(0 200 3624.597705796079)
(66.66666666666666 200 3624.597705796079)
(133.3333333333333 200 3624.597705796078)
(200 200 3624.597705796079)
(0 0 3727.944444434472)
(66.66666666666666 0 3727.944444434473)
(133.3333333333333 0 3727.944444434472)
(200 0 3727.944444434472)
(0 66.66666666666666 3727.944444434473)
(66.66666666666667 66.66666666666667 3727.944444434473)
(133.3333333333333 66.66666666666667 3727.944444434473)
(200 66.66666666666666 3727.944444434473)
(0 133.3333333333333 3727.944444434472)
(66.66666666666667 133.3333333333333 3727.944444434472)
(133.3333333333333 133.3333333333333 3727.944444434473)
(200 133.3333333333333 3727.944444434472)
(0 200 3727.944444434472)
(66.66666666666666 200 3727.944444434473)
(133.3333333333333 200 3727.944444434472)
(200 200 3727.944444434472)
(0 0 3834.179022016208)
(66.66666666666666 0 3834.179022016209)
(133.3333333333333 0 3834.179022016207)
(200 0 3834.179022016208)
(0 66.66666666666666 3834.179022016208)
(66.66666666666664 66.66666666666666 3834.179022016208)
(133.3333333333333 66.66666666666667 3834.179022016208)
(200 66.66666666666666 3834.179022016208)
(0 133.3333333333333 3834.179022016208)
(66.66666666666667 133.3333333333333 3834.179022016208)
(133.3333333333333 133.3333333333333 3834.179022016207)
(200 133.3333333333333 3834.179022016208)
(0 200 3834.179022016208)
(66.66666666666666 200 3834.179022016209)
(133.3333333333333 200 3834.179022016207)
(200 200 3834.179022016208)
(0 0 3943.382134012402)
(66.66666666666666 0 3943.382134012403)
(133.3333333333333 0 3943.382134012403)
(200 0 3943.382134012402)
(0 66.66666666666666 3943.382134012403)
(66.66666666666667 66.66666666666667 3943.382134012402)
(133.3333333333333 66.66666666666666 3943.382134012402)
(200 66.66666666666666 3943.382134012403)
(0 133.3333333333333 3943.382134012403)
(66.66666666666666 133.3333333333333 3943.382134012402)
(133.3333333333333 133.3333333333333 3943.382134012403)
(200 133.3333333333333 3943.382134012403)
(0 200 3943.382134012402)
(66.66666666666666 200 3943.382134012403)
(133.3333333333333 200 3943.382134012402)
(200 200 3943.382134012402)
(0 0 4055.636730784135)
(66.66666666666666 0 4055.636730784136)
(133.3333333333333 0 4055.636730784135)
(200 0 4055.636730784135)
(0 66.66666666666666 4055.636730784136)
(66.66666666666667 66.66666666666667 4055.636730784135)
(133.3333333333333 66.66666666666667 4055.636730784136)
(200 66.66666666666666 4055.636730784136)
(0 133.3333333333333 4055.636730784136)
(66.66666666666666 133.3333333333333 4055.636730784135)
(133.3333333333333 133.3333333333333 4055.636730784135)
(200 133.3333333333333 4055.636730784136)
(0 200 4055.636730784135)
(66.66666666666666 200 4055.636730784135)
(133.3333333333333 200 4055.636730784135)
(200 200 4055.636730784135)
(0 0 4171.028080591305)
(66.66666666666667 0 4171.028080591306)
(133.3333333333333 0 4171.028080591305)
(200 0 4171.028080591305)
(0 66.66666666666667 4171.028080591306)
(66.66666666666667 66.66666666666666 4171.028080591305)
(133.3333333333333 66.66666666666667 4171.028080591305)
(200 66.66666666666667 4171.028080591306)
(0 133.3333333333333 4171.028080591305)
(66.66666666666667 133.3333333333333 4171.028080591305)
(133.3333333333333 133.3333333333333 4171.028080591305)
(200 133.3333333333333 4171.028080591305)
(0 200 4171.028080591305)
(66.66666666666667 200 4171.028080591305)
(133.3333333333333 200 4171.028080591305)
(200 200 4171.028080591305)
(0 0 4289.643834362145)
(66.66666666666666 0 4289.643834362145)
(133.3333333333333 0 4289.643834362145)
(200 0 4289.643834362145)
(0 66.66666666666667 4289.643834362145)
(66.66666666666664 66.66666666666666 4289.643834362144)
(133.3333333333333 66.66666666666667 4289.643834362145)
(200 66.66666666666667 4289.643834362145)
(0 133.3333333333333 4289.643834362145)
(66.66666666666667 133.3333333333333 4289.643834362146)
(133.3333333333333 133.3333333333333 4289.643834362146)
(200 133.3333333333333 4289.643834362145)
(0 200 4289.643834362145)
(66.66666666666666 200 4289.643834362145)
(133.3333333333333 200 4289.643834362144)
(200 200 4289.643834362145)
(0 0 4411.574092272605)
(66.66666666666666 0 4411.574092272605)
(133.3333333333333 0 4411.574092272605)
(200 0 4411.574092272605)
(0 66.66666666666666 4411.574092272605)
(66.66666666666664 66.66666666666666 4411.574092272605)
(133.3333333333333 66.66666666666667 4411.574092272605)
(200 66.66666666666666 4411.574092272605)
(0 133.3333333333333 4411.574092272605)
(66.66666666666667 133.3333333333333 4411.574092272605)
(133.3333333333333 133.3333333333333 4411.574092272605)
(200 133.3333333333333 4411.574092272605)
(0 200 4411.574092272605)
(66.66666666666666 200 4411.574092272605)
(133.3333333333333 200 4411.574092272605)
(200 200 4411.574092272605)
(0 0 4536.911472186185)
(66.66666666666666 0 4536.911472186185)
(133.3333333333333 0 4536.911472186186)
(200 0 4536.911472186185)
(0 66.66666666666667 4536.911472186185)
(66.66666666666664 66.66666666666666 4536.911472186185)
(133.3333333333333 66.66666666666667 4536.911472186186)
(200 66.66666666666667 4536.911472186185)
(0 133.3333333333333 4536.911472186186)
(66.66666666666667 133.3333333333333 4536.911472186185)
(133.3333333333333 133.3333333333333 4536.911472186185)
(200 133.3333333333333 4536.911472186186)
(0 200 4536.911472186185)
(66.66666666666666 200 4536.911472186186)
(133.3333333333333 200 4536.911472186186)
(200 200 4536.911472186185)
(0 0 4665.751180006187)
(66.66666666666666 0 4665.751180006187)
(133.3333333333333 0 4665.751180006187)
(200 0 4665.751180006187)
(0 66.66666666666666 4665.751180006186)
(66.66666666666667 66.66666666666667 4665.751180006187)
(133.3333333333333 66.66666666666666 4665.751180006187)
(200 66.66666666666666 4665.751180006186)
(0 133.3333333333333 4665.751180006187)
(66.66666666666666 133.3333333333333 4665.751180006187)
(133.3333333333333 133.3333333333333 4665.751180006187)
(200 133.3333333333333 4665.751180006187)
(0 200 4665.751180006187)
(66.66666666666666 200 4665.751180006187)
(133.3333333333333 200 4665.751180006187)
(200 200 4665.751180006187)
(0 0 4798.191081993834)
(66.66666666666666 0 4798.191081993834)
(133.3333333333333 0 4798.191081993834)
(200 0 4798.191081993834)
(0 66.66666666666666 4798.191081993834)
(66.66666666666667 66.66666666666667 4798.191081993836)
(133.3333333333333 66.66666666666666 4798.191081993834)
(200 66.66666666666666 4798.191081993834)
(0 133.3333333333333 4798.191081993834)
(66.66666666666666 133.3333333333333 4798.191081993835)
(133.3333333333333 133.3333333333333 4798.191081993834)
(200 133.3333333333333 4798.191081993834)
(0 200 4798.191081993834)
(66.66666666666666 200 4798.191081993834)
(133.3333333333333 200 4798.191081993834)
(200 200 4798.191081993834)
(0 0 4934.331779107206)
(66.66666666666666 0 4934.331779107206)
(133.3333333333333 0 4934.331779107205)
(200 0 4934.331779107206)
(0 66.66666666666666 4934.331779107206)
(66.66666666666667 66.66666666666667 4934.331779107206)
(133.3333333333333 66.66666666666666 4934.331779107207)
(200 66.66666666666666 4934.331779107206)
(0 133.3333333333333 4934.331779107205)
(66.66666666666667 133.3333333333333 4934.331779107207)
(133.3333333333333 133.3333333333333 4934.331779107207)
(200 133.3333333333333 4934.331779107205)
(0 200 4934.331779107206)
(66.66666666666666 200 4934.331779107206)
(133.3333333333333 200 4934.331779107205)
(200 200 4934.331779107206)
(0 0 5074.276683417414)
(66.66666666666666 0 5074.276683417414)
(133.3333333333333 0 5074.276683417414)
(200 0 5074.276683417414)
(0 66.66666666666667 5074.276683417414)
(66.66666666666667 66.66666666666666 5074.276683417414)
(133.3333333333333 66.66666666666667 5074.276683417414)
(200 66.66666666666667 5074.276683417414)
(0 133.3333333333333 5074.276683417414)
(66.66666666666667 133.3333333333333 5074.276683417414)
(133.3333333333333 133.3333333333333 5074.276683417414)
(200 133.3333333333333 5074.276683417414)
(0 200 5074.276683417414)
(66.66666666666666 200 5074.276683417414)
(133.3333333333333 200 5074.276683417414)
(200 200 5074.276683417414)
(0 0 5218.132096660112)
(66.66666666666666 0 5218.132096660113)
(133.3333333333333 0 5218.132096660112)
(200 0 5218.132096660112)
(0 66.66666666666666 5218.132096660113)
(66.66666666666667 66.66666666666667 5218.132096660113)
(133.3333333333333 66.66666666666667 5218.132096660113)
(200 66.66666666666666 5218.132096660113)
(0 133.3333333333333 5218.132096660112)
(66.66666666666666 133.3333333333333 5218.132096660112)
(133.3333333333333 133.3333333333333 5218.132096660113)
(200 133.3333333333333 5218.132096660112)
(0 200 5218.132096660112)
(66.66666666666666 200 5218.132096660112)
(133.3333333333333 200 5218.132096660112)
(200 200 5218.132096660112)
(0 0 5366.007290981983)
(66.66666666666666 0 5366.007290981983)
(133.3333333333333 0 5366.007290981982)
(200 0 5366.007290981983)
(0 66.66666666666666 5366.007290981983)
(66.66666666666667 66.66666666666667 5366.007290981983)
(133.3333333333333 66.66666666666666 5366.007290981983)
(200 66.66666666666666 5366.007290981983)
(0 133.3333333333333 5366.007290981983)
(66.66666666666666 133.3333333333333 5366.007290981983)
(133.3333333333333 133.3333333333333 5366.007290981983)
(200 133.3333333333333 5366.007290981983)
(0 200 5366.007290981983)
(66.66666666666666 200 5366.007290981983)
(133.3333333333333 200 5366.007290981983)
(200 200 5366.007290981983)
(0 0 5518.014591943534)
(66.66666666666666 0 5518.014591943534)
(133.3333333333333 0 5518.014591943534)
(200 0 5518.014591943534)
(0 66.66666666666666 5518.014591943534)
(66.66666666666664 66.66666666666666 5518.014591943534)
(133.3333333333333 66.66666666666667 5518.014591943534)
(200 66.66666666666666 5518.014591943534)
(0 133.3333333333333 5518.014591943534)
(66.66666666666667 133.3333333333333 5518.014591943534)
(133.3333333333333 133.3333333333333 5518.014591943534)
(200 133.3333333333333 5518.014591943534)
(0 200 5518.014591943534)
(66.66666666666666 200 5518.014591943534)
(133.3333333333333 200 5518.014591943532)
(200 200 5518.014591943534)
(0 0 5674.269463841259)
(66.66666666666666 0 5674.269463841259)
(133.3333333333333 0 5674.269463841259)
(200 0 5674.269463841259)
(0 66.66666666666666 5674.269463841259)
(66.66666666666667 66.66666666666667 5674.269463841259)
(133.3333333333333 66.66666666666667 5674.269463841259)
(200 66.66666666666666 5674.269463841259)
(0 133.3333333333333 5674.269463841259)
(66.66666666666666 133.3333333333333 5674.26946384126)
(133.3333333333333 133.3333333333333 5674.26946384126)
(200 133.3333333333333 5674.269463841259)
(0 200 5674.269463841259)
(66.66666666666666 200 5674.269463841259)
(133.3333333333333 200 5674.269463841259)
(200 200 5674.269463841259)
(0 0 5834.890597413986)
(66.66666666666666 0 5834.890597413986)
(133.3333333333333 0 5834.890597413986)
(200 0 5834.890597413986)
(0 66.66666666666666 5834.890597413985)
(66.66666666666667 66.66666666666667 5834.890597413986)
(133.3333333333333 66.66666666666667 5834.890597413985)
(200 66.66666666666666 5834.890597413985)
(0 133.3333333333333 5834.890597413986)
(66.66666666666667 133.3333333333334 5834.890597413986)
(133.3333333333333 133.3333333333333 5834.890597413986)
(200 133.3333333333333 5834.890597413986)
(0 200 5834.890597413986)
(66.66666666666666 200 5834.890597413986)
(133.3333333333333 200 5834.890597413985)
(200 200 5834.890597413986)
(0 0 6000)
(66.66666666666666 0 6000)
(133.3333333333333 0 6000)
(200 0 6000)
(0 66.66666666666666 6000)
(66.66666666666664 66.66666666666666 6000)
(133.3333333333333 66.66666666666667 6000)
(200 66.66666666666666 6000)
(0 133.3333333333333 6000)
(66.66666666666667 133.3333333333333 6000.000000000001)
(133.3333333333333 133.3333333333333 6000)
(200 133.3333333333333 6000)
(0 200 6000)
(66.66666666666666 200 6000)
(133.3333333333333 200 6000)
(200 200 6000)
)


// ************************************************************************* //
